0,1,2,3,4,5,6,7,8,9,10,11,12,13,14,15,16,17,18,19
20
0,47.521
1,47.475
5,-124.74
9,-252.65
3,692.62
4
16,426.14
18,263.95
9
4
7
6,421.41
4
3,184.49
2
2,213.0
13,-170.53
9
11,811.14
17,282.83
7,-392.11
7
8,189.75
12,194.15
3
16,87.118
7
7
12,-94.704
7
4,426.84
7
16,275.72
7
19,-126.09
7
7
3
4
3
12,-163.98
8,337.88
1
7
14,-20.315
2,102.93
6,970.6
3,427.22
4
18,302.54
15,46.611999999999995
7,225.72
8,448.91
4
17,-362.49
1
13,235.41
4,749.81
9
9
4
7
8,333.94
9
13,-202.43
9
9
7
7
7
6,664.62
13,-62.556000000000004
19,133.15
9
4
9,299.25
3,128.72
7
16,479.48
7,-370.44
4
4
7
7
19,29.693
9
7,-309.73
1
2,353.86
3,927.32
4,360.1
9
7
1
3
9,-123.94
3,659.71
6,344.85
4
12,353.72
15,-26.32
1
7
7
14,71.768
15,-183.46
1
5,-526.2
7
10,-204.76
5
19,86.97399999999999
9
4
1
16,-77.219
14,462.25
15,112.95
6
2
1
2,81.786
3,60.21
12,-88.51700000000001
5
2
12,446.62
11,-189.09
7
17,50.227
15,-291.91
1
14,-152.57
9
18,-237.42
2
7,162.2
13,-140.89
1
4,706.67
19,205.3
10,-182.37
5,434.8
6,892.92
1
8,174.35
1
1
6,633.59
9
1
5,-7.2573
8,266.97
7
6,1059.0
1
7
1
1
8,588.33
10,-301.25
19,84.12799999999999
6,717.95
4
5,273.72
1
1
6
6,349.76
5,-569.18
1
1
19,-126.24
7
5,-75.469
8
1
5,-214.22
10,-219.56
1
19,-26.555
6,358.36
1
1
6,594.65
1
1
6,407.32
4
19,213.41
10,202.71
1
8
1
4
6,335.05
10,-42.345
5
1
5,-77.753
15,-122.74
5
14,419.27
8,294.42
3
19,-201.99
3
7
1
3
7
17,-16.593
2
3
1,-260.33
6,534.1
4,593.81
7,128.56
10,-184.35
3,411.31
11,-99.461
2,-335.55
2
12,-86.37299999999999
7
9
14,67.888
16,-103.51
5
9,-64.868
4
2
15,-397.42
5
2,-885.17
2
9,601.1
13,-182.46
4
19,186.32
4
4
9
2,-133.56
16,1.7913
9
18,173.05
5,-16.19
7
4
5
5
15,-295.08
9,-292.29
7
2,-862.18
0
5,368.4
12,-374.12
7
13,471.08
3,268.77
5
5
7
4
17,-121.49
16,3.4821
5
8,414.44
3,151.26
6
9,-532.2
4
5,330.41
14,427.81
19,232.19
2,-617.95
4
7
9
9
4
2,164.3
11,183.65
9
5
18,-143.14
9
7
3,285.32
2,-215.39
2
11,134.5
9
6
18,145.76
16,86.181
5
7
2,-691.86
0
5
3,-73.17399999999999
11,-238.58
9
15,247.02
8,934.52
14,-23.500999999999998
6
5,-209.98
2,-429.28
2
4
4
7
9
2,-884.16
0
10,-399.97
4
12,-143.92
8,-6.7259
4
16,-208.43
9
13,346.01
15,-387.83
7
14,-196.81
7
18,233.92
7
11,-44.453
7
7
7
17,117.07
15,18.842
18,-209.65
9
16,-124.17
4
8,612.24
14,416.55
19,234.73
9,-284.0
7
7
7
7
7
16,348.1
8,413.75
7
7
0
2
15,-99.243
3,715.05
9,345.79
11,215.82
2,426.14
17,64.332
18,-75.476
12,62.032
16,97.596
9
10,-251.27
14,446.36
5,-506.78
4
13,52.523
4
4
9
8,646.13
7,-732.24
8
14,1.8915
4
4
7
8,359.99
5,181.59
9
4
4
7,-126.79
12,189.87
16,106.92
13,183.97
9
4
8,649.93
5,-800.68
7
14,-322.88
6
13,-269.65
9
19,-41.083999999999996
10,56.582
4
4
10,-359.14
4
4
5,-233.26
10,-199.55
9
4
4
14,-82.934
5
10,257.83
5,199.83
13,-110.54
9
9
4
4
12,-417.06
7
5,556.13
10,270.93
13,-426.19
9
8,-111.25
9
19,-402.44
4
14,35.796
16,-71.763
4
4
16,256.97
4
4
8,652.7
16,319.36
4
14,-193.72
4
4
7
7
16,500.43
8,332.76
18,75.34100000000001
4
13,67.48100000000001
4
19,-96.613
4
6
19,15.411
5
4
13,338.34
4
4
13,271.79
5
7,138.8
10,138.5
9
4
8,813.37
10,267.67
16,-220.72
4
14,32.592
9
4
7
4
19,-395.88
4
14,-287.74
2,-23.926
5
4
7,572.71
2,715.28
17,-706.68
8
13,-558.54
5
16,-329.75
5
8,-170.57
9
18,-126.45
5,155.82
10,-226.73
12,190.83
4
4
12,-507.04
4
4
10,-157.01
12,-48.085
4
4
4
12,-550.42
4
5,57.31399999999999
10,-84.287
4
4
10,36.864000000000004
4
4
9
4
18,-43.972
8,691.43
7,-477.36
5
12,-116.09
4
17,-409.09
9
16,-57.143
9
5,-540.19
8
10,370.26
13,61.775
9
19,29.538
14,281.4
9
9
2,154.05
9
9
9
12,128.69
10,-235.2
4
9
7,-160.76
5
4
11,69.575
7,-260.27
10,-66.622
14,210.72
2,-224.58
9
5
9
12,-14.142000000000001
5
9
19,-22.741
5,344.03
12,353.35
2,-523.64
2
16,56.211999999999996
7
13,-284.35
4
14,282.95
10,393.41
9
7
9
4
4
2,314.72
8,292.82
9
13,-395.97
9
14,-209.15
2
16,148.99
4
5,459.79
4
4
9
7,-164.71
14,-56.06100000000001
9
5,86.75299999999999
12,44.882
8
9
4
2,435.64
19,-246.81
4
12,26.54
5,-205.29
13,-171.91
7
8,545.87
4
4
17,-231.62
7
4
5,-680.84
9
8,300.73
4
4
9
9,-24.409000000000002
11,565.35
12,-98.781
5,-335.81
18,94.78
9
7
7,-215.65
4
5
10,3.3381
5,149.55
17,-313.13
18,289.33
7,75.334
8,451.21
9
9
7
4
7,340.77
19,230.92
14,-87.796
16,217.03
2,-735.91
9
9
4
9
9
7
4
18,52.523999999999994
9
7
5,506.59
18,349.34
8,1104.6
7,448.73
14,375.06
4
4
4
9
5
5
5,-187.64
2,14.887
11,788.32
19,-89.676
8
8,71.752
3
8
4
5
10,92.66
18,91.99
17,24.815
11,371.88
5
9
14,202.04
8,87.448
9
5
9
14,450.68
2,-875.38
8
7,342.14
12,452.93
19,369.13
17,-198.41
5
13,-213.52
5
5
5
4
4
5
11,531.53
16,-54.278999999999996
5
13,28.162
4
9
4
9,145.92
3,603.22
11,89.706
2,203.87
8,997.2
18,69.101
12,168.26
17,-105.39
5,-364.16
9
4
6
9
5,420.33
7,136.07
16,134.67
12,191.99
4
9
12,-198.32
2
13,248.91
14,-80.93
4
17,53.888999999999996
19,141.74
4
4
4
9
14,232.45
4
4
6
9
12,-508.25
7
16,378.31
19,215.07
17,52.846000000000004
14,309.08
7,594.63
8,603.71
5,12.763
13,305.18
9
9
9
18,-160.34
9
5,-451.26
9
9
4
4
3
3
4
17,23.218000000000004
18,194.19
12,280.72
13,543.86
19,120.53
14,592.71
16,786.8
7,762.12
2,518.11
8,1341.7
5,-609.4
4
10,-246.33
4
4
4
4
7
0
9
8,34.38
9
7,-293.29
9
14,-176.89
9
2,-1052.1
2
5,343.68
10,4.5949
16,29.642
4
4
16,-39.355
9
4
7
9
8,437.53
7,-9.3258
10,191.37
2,-503.99
9
9
4
4
2,856.74
19,-322.73
2
13,-69.888
4
4
5
2,439.79
12,-227.59
4
7,-602.05
6
8,1640.2
5,89.35700000000001
16,175.92
19,257.54
10,-183.12
4
14,182.43
4
4
14,233.31
6
4
4
14,50.513000000000005
19,-83.061
9
4
4
9
4
12,-64.789
10,-50.629
4
6
18,-173.86
2
13,440.14
16,63.11600000000001
4
4
6
12,110.95
11,466.42
18,152.14
7,-180.0
5,-265.31
9
4
16,242.27
14,-264.75
4
13,-276.86
4
5,360.89
9
9
7
17,1.1868
2,-194.18
7,240.03
4
9
5
8
8,769.46
16,-102.16
9
7,254.49
17,122.88
2,-51.693999999999996
10,355.5
19,-247.49
4
5,-96.81700000000001
4
4
7
5,249.01
4
9
8
7
9
16,145.61
2,186.21
11,496.6
17,183.1
18,190.86
7,587.39
5,421.43
14,-223.91
9
9
9
0
5,96.86200000000001
10,-372.6
4
14,-86.85600000000001
4
9
4
8
14,-29.61
4
18,245.35
19,557.7
5,322.47
10,197.43
9
9
4
4
4
5
11,316.0
14,74.682
4
9
13,-354.66
9
5,291.92
4
4
18,99.07799999999999
2,-370.68
3,356.74
5,-10.503
17,-523.76
9
10,15.45
7,-353.75
8
12,-52.6
2
2
4
4
7,-9.222000000000001
12,-238.4
8
14,57.615
8
5,312.56
9
4
4
12,332.67
11,638.0
7,274.92
17,-41.358999999999995
16,637.27
10,580.77
5,497.34
3,156.9
13,101.47
4
14,384.13
19,41.898999999999994
8,1039.5
9
9
9
9
19,438.27
13,-225.36
8,1225.5
14,293.83
9
9
8
14,-427.16
9
8,29.465
9
9
5
3,423.85
4
13,-69.97800000000001
4
9
4
4
5,-235.87
3
13,-147.08
7
3,119.39
4
10,385.0
8,926.57
16,193.81
14,-266.68
9
19,-192.63
9
9
14,18.813
9
9
2
7
8,262.47
7
3,154.84
10,-157.06
9
4
5,564.92
13,-338.07
4
10,-57.003
17,-46.73
9
9
17,-299.1
9
9
7
3,566.66
14,-2.7972
9
4
9
17,-302.64
7,-125.44
9
4
10,-202.55
2
16,240.68
3,84.50200000000001
2
9
9
11,252.7
12,315.83
2,-250.43
5,5.1491
3,321.0
17,-328.63
4
2
9
3,597.95
7,-145.41
4
4
9
17,-67.39399999999999
7,492.72
3,-230.45
13,251.21
4
9
16,590.34
8,161.39
3
19,17.705
5,803.63
13,321.28
10,-673.16
4
14,91.604
9
9
9
3
13,-4.854
9
7
4
4
7,192.41
5,-81.628
3
9
7
17,-355.98
7,-243.86
5
10,-505.93
5
4
16,293.92
14,-92.06299999999999
5
19,-284.09
2
9
4
3,571.61
17,-62.794
19,-383.28
2
10,407.14
12,-372.7
4
13,-299.93
4
4
4
2,9.0414
8,836.2
4
2
7
2,-406.74
4
16,433.49
17,61.918
10,351.39
12,505.55
9
4
4
3
4
3,97.48200000000001
9,136.5
2,52.769
8,1047.3
15,321.56
4,286.48
9
14,443.89
12,-509.96
2
5,-793.58
4
13,-168.84
4
11,-261.08
2
10,-688.65
4
16,702.95
17,-228.81
18,-160.31
6
7,-311.34
6
19,94.87100000000001
6
6
18,-410.79
6
7,187.97
19,393.54
6
6
19,-26.538
2
6
4
6
9
0
15,-3.1846
6
4,801.14
7
11,233.78
12,-408.9
2
9
8
11,-61.513000000000005
2,-212.2
4,893.42
9
2
12,-227.5
7
14,-200.06
7
13,-106.41
2
18,432.77
9
9
4,410.91
12,30.433000000000003
8,475.88
6
15,-172.0
5
0
9
2,-35.309
8,376.61
12,-255.02
4
7,-73.714
6
4
18,115.18
19,-143.4
2
10,68.882
12,-276.86
4
6
4
12,-35.912
2
2
18,171.04
9
7
4,978.27
18,-175.97
15,-12.243
2,-942.99
0
7,86.757
11,-19.604
9,-3.5027
7
9
10,-357.59
4
17,-69.94800000000001
14,100.72
9
9
0
10,176.68
14,-53.876999999999995
9
11,913.03
17,-594.22
2
9,767.7
12,211.3
7
7
7
4
0
8,656.23
2,-696.2
0
12,393.41
9,-543.3
4
14,629.25
16,466.32
7,205.07
19,248.76
9
9
9
7
7
0
0
7,-172.71
14,93.60799999999999
5,-282.13
8,931.88
11,301.41
10,-268.94
7
16,446.39
7
7
7
0
15,-267.08
5
11,369.35
19,171.68
10,336.96
12,97.55
5
8,45.786
7
16,261.27
9
7
7
2,-197.6
7
7
19,200.78
9
9
12,87.945
15,-354.65
5
11,305.81
17,-167.97
7
8
4
5,-39.111
2,96.822
17,58.123999999999995
8,1050.8
9,-384.11
7
10,219.46
9
7
4
9
7
4
8,996.46
5,195.82
16,-300.48
11,147.25
7
9
2,-1186.2
0
11,318.95
14,-394.79
3
19,-427.55
2
13,-389.8
7
17,-779.05
2
9,1013.8
10,-637.52
7
12,111.21
15,408.51
7
7
15,-443.48
9
7
9
19,-131.85
9
15,34.103
14,-248.8
8
13,477.72
10,-452.46
7
17,164.29
12,-169.26
9,255.44
7
7
9,-407.99
7
7
7
7
9,3.2354
12,14.593
7
9
14,568.02
12,-186.82
9
10,332.88
13,212.8
7
2
7
9
16,76.618
9
2,-285.06
9
14,-140.15
11,263.4
7
9
13,292.82
11,593.04
9,631.5
7
4
5
3
17,-362.83
7
2,-374.15
0
5
7,39.433
15,-185.02
9,-138.48
11,383.53
10,-123.15
12,-53.523
5,-266.24
8
4
19,-32.109
9
8
5,-531.54
7
9
4
5,-104.57
11,680.6
16,291.56
14,476.37
2,608.21
13,-235.7
5
17,-757.51
2
8,3.6558
2
12,183.48
8
8
5
8
10,57.678999999999995
8
4
4
17,-205.89
11,655.54
18,-134.0
9
19,-336.05
5
10,340.59
13,384.06
8
8
9
4
10,197.75
12,-142.48
5
11,-81.834
0
13,480.78
19,555.69
18,208.04
9
9
4
5
4
18,225.0
12,-124.6
8,476.27
9,338.52
5,-487.66
7
10,277.61
17,-387.04
4
11,160.66
4
4
6
3
16,237.49
10,-310.9
3
8
10,-200.2
4
11,311.11
7
9
5,-796.48
7
16,149.4
2,134.41
11,-149.61
7
10,404.87
14,-293.93
2
17,266.8
19,409.71
8,-92.76299999999999
6
13,-332.38
9
9,196.16
9
9
7
3
0
10,-294.76
8
13,26.019000000000002
3
17,41.001000000000005
11,379.99
9
9
9
13,114.72
10,-489.5
3
9,-357.87
7
8,1057.2
2,-1026.4
0
14,-392.72
7
19,342.03
17,141.89
11,635.32
9
9
4
9
4
19,134.32
2,445.75
17,175.5
8,230.6
9
9,-570.28
4
11,869.86
10,166.43
14,203.97
9
9
9
7
7
3
8,568.76
14,-155.96
9
11,483.6
7
4
4
13,-34.25
16,332.31
10,-239.85
3
17,109.15
5,-445.36
2
9
7
14,176.2
4
9
2,378.29
14,582.27
16,490.44
17,-416.28
2
19,-316.95
3
8,232.65
3
9,865.47
11,844.93
10,180.77
5,145.29
12,64.123
7
7
7
4
4
3
4
9
3
18,-17.340999999999998
11,11.37
10,-0.7569
2,-828.93
2
7
9,408.75
13,-260.07
4
0
9
15,-101.06
2,661.7
19,135.48
9
4
9
16,462.62
8,56.172
6
19,-268.79
3
13,-254.51
4
9,-603.05
4
12,-272.34
9
9
7
19,23.053
5,-248.49
9,90.366
10,-545.28
9
7
8,611.75
7
3
2,48.199
11,-51.84
0
8,242.54
4
12,-253.15
5
9,468.78
9
4
7
5,72.352
15,-208.89
4
9,-491.55
8
13,580.04
11,673.02
14,598.57
7
7
4
2
2,-20.088
9
7
4,417.45
9,-8.9486
12,15.812000000000001
2,-317.59
7,401.05
8,318.95
7
17,-181.9
0
3,-117.33
6
5,405.1
11,738.74
16,667.51
10,288.69
13,126.88
5
5
0
0
0
0
11,330.74
3
0
3,90.12799999999999
15,29.131999999999998
14,172.31
19,113.63
6
5
0
17,-173.66
6,788.82
7
6
4
5,-146.42
10,175.37
7,35.445
6,860.27
16,744.65
5
8
0
3
0
10,28.368000000000002
13,-32.013000000000005
19,375.98
7,-176.41
3
3
5
2
7,-290.49
0
8,745.59
6,522.85
5
3
7
14,62.818999999999996
16,255.33
6,497.79
8,302.56
2
5,437.62
5
6
0
3,520.42
3
2,282.35
15,-462.22
7
0
3
18,261.8
17,398.5
19,308.47
6,-12.534
4
7,54.827
13,-55.931000000000004
0
0
11,296.14
0
3
5
7
5
7,-93.913
3,-212.27
16,-261.88
0
6
5,-160.54
11,-314.02
5
15,460.73
19,533.78
17,224.14
14,-473.94
0
2,-742.35
13,130.04
0
0
6,256.41
16,-63.31399999999999
5
18,-404.57
0
10,-465.07
0
0
13,641.29
12,-47.788000000000004
18,-33.603
16,-1.4655
0
0
0
0
18,-259.36
9
0
0
0
0
15,-293.41
5
12,-177.02
10,-17.586
1
0
16,77.691
10,9.5823
5
11,-17.488
5
18,-180.05
0
6,149.26
0
13,714.29
0
0
6,686.88
19,242.08
11,598.35
2,94.344
13,840.16
17,-405.64
8,255.21
0
0
14,195.78
0
10,-34.498000000000005
8,374.97
0
0
0
0
0
0
0
8,212.91
1
17,-453.52
0
0
2,-781.53
13,-190.42
5
11,-71.09
2
3,-129.13
2
8,-42.61
0
17,-446.38
0
5,564.12
12,-127.51
14,-353.64
5
10,-96.303
0
0
6,-10.761
0
0
0
15,-211.96
5,-322.99
11,787.29
0
6
8,258.52
6
17,-236.31
0
3,176.7
0
12,187.49
18,666.41
16,420.69
11,101.49
5
5
0
0
0
3,-77.834
6,918.66
10,-254.84
9
11,214.24
2
16,133.83
19,411.94
12,128.26
18,636.86
6
2
0
0
7
0
11,-76.594
12,140.68
5,106.74
18,-42.98
9
7
3
0
8,661.8
14,158.49
6,644.25
13,273.38
12,109.06
19,45.568000000000005
17,-139.34
0
18,-183.08
5
10,-239.89
0
5,-259.51
5
5
5
0
10,-287.72
2
0
5,250.46
18,440.66
0
3
3
12,-247.61
7
18,468.07
6,981.62
13,-317.11
0
19,364.48
16,-149.89
0
10,51.387
5,-177.16
17,-82.447
0
0
0
5,192.66
17,-371.53
0
0
3
0
0
2
18,-357.53
5
14,631.15
5,531.21
12,-321.14
10,76.337
0
17,-335.24
0
0
6,141.16
0
0
7
9
3,306.43
5,174.7
9,-20.082
7,146.2
11,360.15
14,317.82
2,166.41
6,271.57
17,-50.323
8,232.93
2
15,128.29
16,90.42299999999999
4
12,-536.72
7
18,-105.63
4
19,-238.2
4
13,131.86
4
4
2
18,-203.32
8,413.65
0
5
16,129.93
8
13,-30.113000000000003
5
4
8,50.065
17,-70.14
19,282.65
16,344.97
18,-19.819000000000003
2
2
7
6
2
12,75.268
13,-138.16
18,-131.63
5
0
10,8.984
18,91.583
16,51.364
8
2
6
16,484.03
18,-282.91
5
15,-340.89
6
19,248.56
17,-156.35
6
6
4
7
19,100.77
17,132.21
16,-123.76
3
13,715.62
10,615.57
15,-142.03
18,311.85
2
2
2
0
9
7
6
19,261.23
13,-368.18
12,12.817
5
16,-100.36
8
8,118.61
2
0
8,434.07
6,881.37
12,-66.722
17,-287.46
10,160.85
16,292.59
8
8
5
10,-165.01
8
5
10,-2.1039
18,96.639
16,215.58
15,-352.96
8
5
8
5
0
10,-310.54
8
2
15,-1.2337
12,335.3
16,-417.99
5
10,338.21
18,643.89
6,163.38
4
17,-47.492
8
8
6
6
3
18,108.85
16,-107.02
8
6,464.23
8
3
3
8,491.69
17,-20.934
13,99.825
5
12,-66.763
5
6,343.25
5
5
5
12,189.64
6,764.8
18,-495.94
5
15,195.49
17,-453.62
5
16,253.59
8
8
3
5
5
13,67.01100000000001
10,-152.02
8
17,-236.28
15,-272.29
2
0
12,-283.0
9
18,552.91
0
2
6,395.85
4
10,-44.24
8
15,-123.44
0
6
2,266.4
6,377.01
18,-78.40899999999999
12,-7.8104
17,-102.85
8
5
2
16,97.243
6
8,515.27
2
4
12,257.31
13,-265.09
6
15,-504.8
8
14,680.73
16,697.47
17,-619.03
0
10,-394.72
6
18,-308.05
6
19,-84.24
8,356.92
6
6
8,604.97
6
6
0
0
2
19,273.25
15,126.71
8,601.79
16,-324.89
5
6,211.98
8
13,78.007
14,246.56
5
6
8
12,-172.21
8
14,40.6
8
8
3
8,949.24
17,-183.97
10,-647.72
8
14,176.48
5
5
6
8
2,77.098
12,-82.785
19,72.291
15,15.276
14,-14.652000000000001
10,-237.76
8
5
6
3
8,597.69
16,391.02
2
3
6
10,544.58
11,-151.58
2
8,1085.1
14,920.97
19,326.19
17,403.05
16,378.61
15,257.43
6,794.05
18,-398.84
13,-156.66
6
2
13,47.623999999999995
2
2
13,328.74
18,-163.55
2
2
2
2
6,170.63
0
15,-174.71
2
2
2
3
0
4
3
8,354.39
19,85.20200000000001
14,552.08
2
0
5
6,63.591
4
18,175.18
19,349.24
11,590.52
13,310.37
15,-326.21
8
12,-270.97
3
17,-627.19
4
16,140.33
14,-116.63
3
3
14,-239.63
2
3
9
2
5
15,411.79
2
9
12,-265.96
6,-38.959
15,-15.602
4
10,-245.34
2
18,-54.163999999999994
5
1
11,468.75
18,-86.53200000000001
13,-6.3282
16,123.41
8
19,-313.71
8
8,458.41
2
10,-241.98
0
5
8,156.33
2
15,-311.42
8
7,-202.32
6
3
15,-308.49
8
19,-179.06
2
8,122.08
2
2,-662.45
1
17,-296.26
2
13,-191.7
0
7,-92.965
14,153.21
16,274.63
10,-472.0
2
2
2
2
16,293.37
14,-120.99
2
10,-221.18
2
2
8
2,-518.94
8,466.38
2
5
8,124.24
2
15,-549.79
8
19,124.35
14,-236.27
6
10,314.83
6
6
6
2,164.46
7,-400.2
13,133.62
6,656.48
10,65.45
5
6
18,25.135
0
2
14,413.45
17,-70.25399999999999
15,-223.76
6
8,80.76
2
6
8
8
19,159.49
8,411.88
14,763.63
18,-456.28
2
11,355.98
17,668.22
15,612.56
16,651.82
13,-91.223
6,99.014
10,-87.775
2
2
10,-175.6
2
2
10,-421.9
6,-92.277
2
2
6,220.83
2
2
2
2
7
6,813.3
15,-72.212
13,328.93
10,88.505
2
16,207.91
2
2
10,-164.48
16,153.12
2
2
0
17,-187.93
16,-1.4039
2
10,332.01
13,129.22
2
2
2
10,100.21
16,-145.42
6
13,-67.072
2
2
2
13,444.22
17,-152.68
10,-129.12
6
16,119.5
1
2
16,617.02
10,50.208
2
2
0
6
0
18,-212.51
15,-184.15
13,-39.495
5
2
6,1067.2
14,-70.84
11,-46.248000000000005
8
10,157.84
16,483.17
13,204.09
2
2
2
2
13,102.54
10,33.303000000000004
16,233.73
2
2
0
6
0
6,380.17
15,-144.84
10,-288.83
2
14,-2.9343
5
16,158.88
8
4
14,124.72
11,-272.1
1
13,263.79
16,170.18
10,63.726000000000006
17,-179.44
2
2
2
17,265.16
10,-223.13
2
2
2
2
17,-251.31
4
13,-311.35
3
16,217.53
2
2
11,717.41
14,276.13
17,-432.06
2
15,643.93
16,-55.598
10,-560.28
8
13,-227.59
2
2
13,-376.74
2
10,-189.71
2
2
2
16,-47.623999999999995
15,40.137
17,-40.531
2
2
0
15,100.43
13,99.459
0
2
3
6
14,51.108000000000004
8,684.02
18,-240.62
13,-81.521
5
2
16,-203.95
6
10,368.61
11,349.03
15,-672.82
5
13,188.19
6,-34.156
4
17,-1.9269
2
2
17,522.9
6,789.71
2
2
2
2
1
6,541.47
15,203.09
10,-410.8
0
11,-209.31
4
13,-84.186
6
16,510.16
6
4
2
17,-95.855
8
11,-110.34
3
18,411.23
2
6
8,157.51
10,-363.66
2
15,63.599
2
7
16,174.82
6,162.06
10,269.74
1
1
10,84.759
15,148.22
17,-369.05
6
18,197.79
6
6
2
2
18,-261.89
6
6,683.53
10,-514.66
2
17,-483.9
3
11,220.68
4
4
7
6,723.94
15,-240.45
13,-195.06
7,-184.26
0
2
19,118.2
14,334.64
7,159.21
8,257.04
8
10,-610.23
5
11,495.38
16,404.36
18,97.787
17,-186.47
8
8
8
8
0
4
2
5
17,-23.799
7,64.749
8,248.99
2
13,386.89
18,17.664
8
16,178.53
8
3
9
10,-174.24
9
8,543.91
9
4
8,431.37
14,55.144
3
2
16,-158.47
2
7,158.2
10,-93.124
13,-175.28
8
3
9
9
18,34.881
15,-392.17
2
13,147.17
8,940.74
17,-9.3848
11,528.76
10,270.71
0
0
2
0
8
2
11,427.64
19,184.98
10,-507.94
2
13,-383.61
0
15,-615.47
6
16,339.09
14,510.17
7,-358.62
2
17,-314.79
8,743.66
2
2
2
0
2
7
8
2,57.477
13,-114.71
17,-62.301
16,190.45
19,-134.75
15,-241.81
2
6
7,191.91
6,1088.5
12,-125.76
6
6
3
6
9,185.52
10,51.983000000000004
1
0
7,45.923
4
6,1204.8
4
3
10,-186.74
8,332.82
4
15,-449.37
5
7,-317.51
6
2
11,53.403
14,-10.755
2
0
7,-20.761999999999997
6
19,28.339000000000002
2
6
11,178.03
17,375.52
16,489.62
6,1005.0
14,-330.81
3
7,654.24
10,515.91
8,1346.0
19,566.99
12,-126.29
18,164.37
15,-119.28
9,-56.938
0
6
9,357.67
6
2
15,-232.79
9,-20.656
6
6
9,-75.433
6
6
18,567.32
9,146.46
15,24.232
6
6
15,259.41
6
6
6
6
4
0
3
7,63.367
12,-260.41
1
9,588.17
6
2
3
4
2
10,-200.06
17,-69.014
7,-115.75
16,89.141
6
12,-152.13
14,-202.47
2
1
4
14,-109.25
2
6,350.0
2
19,-310.9
8
6
8,269.76
1
6,-72.699
8
2
7,151.49
9,274.01
8,133.4
12,-272.11
5
19,-179.63
1
6,385.68
0
6
6,97.56700000000001
2
14,-445.28
1
12,565.34
19,-348.26
6
15,-323.04
6
16,-259.58
6
18,-74.752
17,24.954
6
6
6
4
6
8,716.1
12,-227.36
5
17,-25.285999999999998
3
2
6
8,399.04
9,119.49
15,-182.58
11,-137.71
0
19,-224.41
3
13,-298.54
2
17,148.92
5
6
7,-208.71
10,78.962
5
12,50.623000000000005
6
6
11,33.413000000000004
3
17,-96.699
5
6
12,-201.64
11,92.73100000000001
3
1
5
10,60.026
13,193.0
14,-152.13
6,1455.6
15,-259.13
3
17,383.62
3
2
2
12,-5.3082
9,-38.215
19,97.685
3
8
2
18,-146.89
5
16,-149.13
2
3
18,52.123999999999995
4
14,-286.71
1
8
11,-124.5
0
6,959.97
7,411.24
18,595.88
6
0
3
3
7,-47.713
12,-102.62
5,128.74
14,-62.34
9,-190.51
19,336.06
18,-67.327
11,-115.63
2,294.37
17,-409.8
4
9
8
13,297.25
4
9
2,-864.62
15,-51.663999999999994
5
8
11,-214.58
7
15,322.31
13,-121.72
3
16,67.023
4
17,-410.48
7
8,853.74
6,448.52
4
4
4
3
2,116.99
8
11,-219.94
8
5
11,-236.08
19,10.144
13,2.8685
8
2,-140.67
17,222.84
18,23.209
7
10,-166.01
7
7
8
8
6,530.05
8,715.39
17,-420.75
3
15,343.13
8
2
5
2
15,-374.9
16,239.92
6,957.07
5
2
8
10,175.8
6,777.41
13,458.61
17,-579.88
2
2,-942.8
16,518.15
8
5
16,-101.22
8
19,-36.504
18,-30.500999999999998
8,20.55
7
8
8,264.88
8
8
8,-253.03
2
18,249.07
8
8
5
8,1208.1
2
0
8,462.43
2
7
18,286.53
2,558.83
8,1083.2
9,-351.62
13,47.03
11,577.88
6,602.42
8
9
5
19,213.32
4
5
16,-177.67
10,327.35
13,-180.39
2
17,230.48
19,-100.17
2
6,683.23
8
8
9
2
13,296.02
10,486.83
6,1094.9
11,-272.72
17,-101.05
19,-446.2
7
15,-262.24
8
8
19,-237.26
5
8
17,627.02
19,684.85
15,155.49
8
8
5
0
11,134.77
2
8
2
15,66.541
19,343.09
11,713.14
6,867.18
10,514.09
17,-441.14
8
8
2
17,5.0598
10,-394.39
5
8
7
3
8
19,145.67
11,733.34
10,243.46
6,940.32
17,105.23
3
8
7
2
8
8
11,265.08
13,-300.6
0
19,401.4
9,-322.66
4
10,135.65
17,435.26
8
5
7
5
0
19,391.63
9,-439.08
5
15,330.11
8,475.57
5
13,-262.81
3
6,300.91
9
11,342.37
8
3
3
10,-365.92
3
5
2,-486.23
19,-162.41
5
13,325.85
15,-365.82
5
17,-456.83
2
6,-123.32
1
10,321.48
8
7
0
8,164.42
15,108.24
17,1.9459
2
3
3
15,-404.7
5
16,-17.042
2
19,45.635
3
9,-75.667
5
6,577.43
8
7
11,298.62
2,-99.675
14,372.12
16,6.348
10,-183.36
18,-39.779
1
9,-12.415
1
17,-544.45
5
6
15,183.02
19,-94.455
5
6,326.95
6
8
6
18,207.02
6,1051.6
9,558.88
10,-378.55
1
13,438.06
19,-281.16
5
17,-409.24
5
8
5
5
1
5
13,76.212
17,-229.09
8
0
6
8,288.13
19,-260.77
1
10,-368.21
1
13,72.382
6,413.66
5
5
18,-402.99
9
9,210.16
6,580.05
5
5
6,544.46
5
5
9,-154.39
10,-46.371
13,-332.39
0
14,112.8
3
5
19,100.68
3
5
6,389.74
18,-6.5292
8
5
17,121.94
14,-60.376000000000005
10,-314.27
8
1
15,46.068999999999996
16,-20.111
5
18,164.46
8
8
1
3
10,-203.26
16,233.61
1
17,-27.834
2,515.47
1
8
3
15,-294.82
5
2,-45.583
9,30.383000000000003
5
8
14,-122.62
9
5
5,-127.48
19,369.82
9,-221.34
2,34.979
17,-163.86
6,129.77
11,41.75
9
4
14,146.11
18,249.09
10,359.53
15,-327.6
8
8,254.74
9
11,116.89
9
9
4
7
8
10,91.84100000000001
14,191.11
15,-158.77
2
8,211.2
13,60.975
3
7
6,296.83
4
7
8
6,571.22
4
9
17,86.94200000000001
8,-6.4945
2
18,136.74
14,106.66
11,577.29
16,188.93
13,-80.218
8
5
13,-138.2
3
8
8
6,800.73
10,-738.88
5
13,329.36
8
8
0
3
0
17,-91.54299999999999
6,754.14
14,-97.1
2,-28.291999999999998
11,-93.419
15,-54.282
2
16,256.7
8,951.06
7
9
2
2
16,186.98
13,-39.707
0
15,83.46700000000001
10,-73.607
5
8
3
8
10,284.46
18,230.44
2,460.35
8,189.7
13,191.17
11,-110.12
2
16,-83.87799999999999
2
15,-184.49
8
8
15,26.924
8
3
16,-292.4
5
13,-485.97
0
11,-451.18
0
15,-297.26
8
8
15,31.381
8,504.75
5
13,-360.18
2
8
3
15,-74.973
2
8,245.22
3
2,365.43
11,-12.591
7
13,436.97
8
3
3
15,-60.425
8,520.83
18,-22.874000000000002
8
2
4
18,103.47
0
8
18,57.881
8,199.26
11,152.49
15,-38.71
2
2
8
13,159.26
10,103.89
2,-664.88
1
15,-191.43
8
2
0
2,-376.75
7
10,-497.21
3
14,419.1
15,132.57
16,261.62
8
8
2
2
15,-29.373
8,951.33
2,-325.55
2
11,197.93
16,591.95
2
8
2
8
11,-121.62
7
2
13,-215.45
10,-60.81399999999999
16,-23.133000000000003
2
18,-394.02
0
14,168.26
8
8
16,-125.77
2
8,841.48
6,299.3
0
0
0
11,281.45
2,138.2
6,622.98
10,-331.55
8,-36.69
2
14,505.36
18,245.34
15,151.55
8
8
8
3
15,-49.768
14,423.82
18,102.08
8
5
0
14,59.605
18,-103.81
8
8,346.79
7
7
18,249.83
16,375.27
8,703.0
8
7
0
3
15,-40.788000000000004
18,5.8698
8
2
10,323.96
8,-52.192
2
18,-16.849
7
16,-20.584
2
14,300.39
7
7
2
18,-3.8403
14,274.38
10,-80.016
16,186.48
15,-158.53
5
8
3
15,81.12899999999999
6,288.63
8
8
8
0
15,-219.96
5
6,845.35
16,410.75
10,304.45
8,1095.5
14,-61.166000000000004
3
3
3
8
5
2
8,378.77
15,-214.03
8
6,978.37
2,-853.39
0
10,278.94
14,-200.19
2
16,-19.779
3
18,13.472000000000001
3
3
0
7
15,-478.61
5
6,599.86
2,-243.99
8
3
3
2,32.641
9,534.49
8
6
6,1218.4
13,-363.81
8
14,-0.1103
5
17,-5.9854
18,298.75
5
5
3
7
14,249.47
6,360.93
13,6.0665
15,-128.56
17,-324.76
2,-27.698
6
5
2,74.332
16,-225.64
5
10,265.28
9,665.79
19,435.36
11,-420.61
5
18,-11.14
5
8,473.67
5
5
5
8
4
10,38.797
11,-88.916
5
3
4
9,-156.26
2,-100.99
4
10,-373.99
3
11,-416.14
0
18,-373.17
8
17,-315.39
5
5
16,214.27
17,-367.65
6
19,-62.198
11,-371.51
0
8
10,-169.13
2,-515.0
8
5
11,100.46
8
9
11,90.223
17,-184.96
8
0
8
10,150.86
2,-456.14
15,-242.44
16,362.84
11,28.127
5
5
6
9,-384.46
4
16,180.5
11,37.173
9
8,255.62
5
8
0
11,519.54
19,-69.705
15,-112.03
18,-166.08
5
16,-345.23
6
8,703.21
5
5
8,121.69
5
17,14.984000000000002
16,38.52
5
9
3
8,536.49
18,-175.84
9,135.61
5
17,48.434
16,226.95
5
5
4
17,-538.92
15,370.41
5
8
16,-63.239
15,33.388000000000005
9,417.56
5
5
5
15,32.79
5
9,331.94
5
8
18,-159.36
15,-239.75
8
5
17,-22.160999999999998
16,-247.46
5
15,-8.3646
5
5
5
4
9,-210.55
4
2,91.43
5
8
16,120.29
15,49.563
10,173.4
8,843.19
17,-160.03
2,-371.03
11,38.75
9,276.04
8
6
9,21.755
9
19,-74.34
6
13,125.15
18,254.53
5
8
5
19,-31.555999999999997
9,-222.71
3
13,313.51
18,101.12
5
1
5
13,-245.66
3
9,42.233999999999995
5
11,-87.95200000000001
5
18,88.035
5
5
18,-153.3
5
9,-81.09
5
11,651.42
2,-1036.9
0
13,-163.56
19,-29.232
5
5
19,-12.802
5
5
2
2,578.81
19,97.411
0
8
5
0
2,59.867
17,-343.62
6
9,94.90700000000001
10,233.32
8,410.22
19,-114.88
4
13,443.81
18,-94.462
9
9
5
9
0
5
17,-178.9
5
3
2,321.19
15,-51.431000000000004
18,210.94
11,199.05
17,-9.6727
10,-146.43
9,412.56
8
5
9,-86.824
4
19,410.11
8,41.56
5
13,-85.471
8
8
6
0
17,-344.59
8,775.79
1
1
13,201.88
10,-159.67
5
19,178.91
8,451.86
8
0
4
19,112.67
8,845.84
8
0
0
17,-127.61
8
10,18.514
5
4
19,-125.96
10,143.24
9,-44.138000000000005
4
17,-338.55
1
8
0
17,-278.16
5
10,-146.19
4
11,146.9
0
18,160.42
9,354.55
8,366.39
13,14.600999999999999
9
9
9
9
4
13,93.93700000000001
19,397.83
10,-45.548
11,-375.48
5
18,-334.17
3
15,-480.77
3
8,542.09
17,-233.22
3
3
3
5
5
19,290.85
15,-240.99
11,-148.85
5
10,92.855
8,35.68
5
17,-364.13
3
9,510.0
18,-247.55
3
8
3
2
10,-216.13
3
5
5
9,220.83
19,74.92399999999999
13,194.74
11,251.13
16,-162.14
6
6,-17.13
5
8,1230.2
2,419.5
17,-383.51
0
18,137.66
0
0
8
4
17,-49.676
8
0
18,264.61
8,97.413
0
2,-277.06
4
8
5
2,276.96
8,581.28
17,-76.835
8
15,-265.3
8
0
17,-360.73
6
4
5
10,-20.262999999999998
6,448.36
16,-103.09
6
17,124.54
13,-401.01
6
15,147.88
18,-61.858000000000004
8
2,419.73
11,235.05
5
5
3
2
3
17,-4.3996
2,-590.05
6
15,-69.888
18,137.04
8
5
1
19,156.73
2,13.374
0
3
7
2,-591.79
0
17,153.77
15,89.681
6,82.22399999999999
5
8,120.23
3
16,-154.57
8
8
0
3
2,-158.27
14,2.6769
5,-44.958
11,144.9
9,108.07
6,500.97
17,-193.56
15,-194.79
7
18,138.45
13,-164.77
0
12,180.13
19,-170.02
9
9
2
1
18,8.5948
0
10,-303.79
8
5
19,44.229
15,14.32
10,372.0
16,-54.048
2
8,872.73
18,-295.57
5
13,126.17
7
7
9
2
17,-205.42
9
7
16,189.98
2
3
17,-315.16
12,-464.81
3
18,-290.93
3
6,176.17
2
2
8,672.24
18,-332.62
3
19,-174.9
7
16,581.57
6,821.04
15,-139.48
5
10,-197.67
12,-231.78
8
2
2
2
5
7
8,489.74
13,208.54
18,442.17
16,52.693000000000005
9,-1.4163
2
3
12,496.9
6,613.75
17,-1.3547
9,567.56
19,33.728
3
3
2
8
2
2
1
10,-737.01
2
6,995.15
9,577.05
18,449.67
19,420.83
12,707.49
16,455.0
17,-475.69
15,-31.054000000000002
3
3
15,247.22
3
3
3
2
5
1
2
2
15,-172.82
16,472.06
13,266.53
9,-363.72
4
12,204.42
10,381.4
17,489.47
19,47.177
6,323.16
18,-58.385
5
5
5
5
0
1
0
3
10,-83.397
0
5
6,51.18
10,-181.19
8
1
13,39.301
18,-81.994
19,-236.8
5
0
16,-93.977
2
10,321.88
9,-256.21
9
17,137.84
8
2
0
16,285.17
9,420.67
17,-352.92
3
10,-275.0
3
3
2
0
6,791.1
12,222.73
8,1039.7
10,359.13
15,142.79
16,217.24
11,-83.611
0
18,-539.75
2
19,-50.657
17,-86.404
9,75.247
13,55.076
5
5
5
5
13,-39.663000000000004
17,39.715
5
5
9,-296.86
9
17,-390.28
5
5
17,117.02
13,349.18
19,-339.8
8
11,365.68
9,-230.94
0
18,-459.74
0
5
5
5
0
11,229.23
13,126.75
2
19,-38.528
5
9,414.36
5
3
13,325.14
8
9,140.62
19,195.11
3
5
5
3
0
16,32.374
18,42.876999999999995
11,329.36
6
5
15,109.56
5
2
10,-213.34
0
6
9,371.33
16,-108.64
5
13,167.91
2
8,40.094
5
17,-404.36
1
11,774.35
19,-264.81
3
3
0
5
5,21.566999999999997
8,534.44
13,116.69
12,77.41
15,-31.765
11,484.98
16,113.95
8
10,267.18
19,-304.53
3
9,-58.386
2
2
3
3
9,49.888999999999996
3
10,274.2
6,1013.6
18,523.82
19,-118.25
17,-448.99
2
16,-175.67
3
11,-55.746
2
8
16,151.18
8
11,431.1
8
8
2
3
3
19,54.088
10,-26.861
6,234.08
3
18,-227.83
0
11,-187.41
4
16,-301.54
3
17,29.146
9,-1.7946
2
2
2
11,247.3
0
17,-30.912
3
2
15,-52.449
18,126.0
6,751.65
0
2
6
2
11,198.4
15,396.49
12,-371.95
8
10,81.97399999999999
9,-173.29
7
16,375.44
18,57.782
19,340.97
6,271.34
3
17,-358.88
0
2
8
19,-390.37
3
2
0
19,73.7
0
3
3
12,387.42
10,-237.41
16,-50.327
3
15,151.64
6,276.73
2
3
9,126.21
3
8
18,603.91
9,547.22
15,78.896
17,66.116
6,873.21
16,-234.64
8
19,-428.86
3
3
3
3
16,606.12
19,-403.9
3
17,-38.11
6,151.14
3
3
6,514.55
3
3
8
2
8
17,-158.46
3
2
10,94.609
18,4.9924
15,35.677
19,-113.93
5
16,21.241
1
9,-166.4
9
17,-512.47
0
13,-69.26100000000001
0
0
13,154.15
8
3
15,-243.97
17,2.7246
4
5
13,100.72
12,337.31
11,371.35
6,-0.80656
1
16,463.97
17,-361.43
1
9,-19.449
1
19,422.66
8
0
7
9,-99.145
9
19,-372.05
2
16,471.16
8
8
4
16,433.37
19,-139.69
3
8
0
6,330.74
19,-46.193999999999996
0
1
16,267.73
5
0
16,-204.63
13,-172.31
15,-275.24
9,159.93
0
6
11,84.882
6,201.28
6
0
6
10,92.82799999999999
6,228.92
19,-49.926
5
8,438.7
5
18,283.31
11,417.71
6
6
5
8,239.69
17,-90.163
6
0
11,558.61
12,254.52
15,-525.8
6
19,85.65899999999999
17,-46.961000000000006
18,-4.6206
6
9,191.04
6
6
0
9,440.2
6
6
6
8
3
13,54.128
9,275.15
11,329.32
15,323.79
19,283.12
18,437.88
12,-162.28
17,-114.94
6
6,206.74
1
10,53.006
0
0
10,-683.45
4
6,1390.7
17,-371.22
8,963.11
0
3
8,642.33
0
0
3
5
17,-135.99
6
0
6
15,-191.2
19,-60.593
5
0
8,602.64
8
10,-19.419
0
6
15,-350.26
19,-20.201
5
11,280.12
17,-443.41
9
18,-61.65
4
8,450.46
6
6
3
12,252.94
18,-102.77
8
10,-214.23
5
11,-37.596
0
8
4
10,-12.362
6,549.06
18,98.639
12,-28.888
8
15,304.11
11,542.0
19,-330.36
2
8,-217.14
5
9,-96.31700000000001
5
17,-165.73
0
0
3
6
8,936.6
19,84.454
15,-127.39
5
0
5
6
17,-184.96
11,252.38
8,155.94
5
18,515.78
19,43.669
6
6
5
19,-6.1811
3
5
19,492.12
9,-56.457
3
12,239.34
0
3
6
11,131.05
12,151.88
19,43.159
17,-369.0
3
3
9,45.256
5
5
19,169.15
8,729.57
0
3
6
8,586.47
15,264.2
19,387.24
17,-593.53
1
12,-390.75
3
18,-210.94
3
3
5
3
6,528.66
5
3
12,-69.69
10,-103.01
15,-190.2
5,329.17
13,84.811
16,393.6
17,-545.14
2
19,-325.75
3
18,435.44
8,89.89200000000001
3
14,-100.33
3
11,281.71
8
8
2
3
19,173.27
14,-145.15
5
11,174.94
8,41.24
5
8
3
5
16,362.24
6,266.84
6
8,99.512
3
19,89.01700000000001
3
3
1
13,-154.46
9,-278.21
8,1074.5
14,46.407
19,557.22
3
5
8
8
6,533.64
5,-688.55
2
14,319.09
8
8
3
19,659.84
11,-286.86
3
18,77.006
16,-57.391000000000005
8
14,473.11
6,18.692
3
8,260.37
9,445.41
17,-128.41
3
5,-98.196
3
3
1
17,315.6
5,-180.85
3
9,586.53
3
3
8
9
9,606.37
17,-707.26
5
6,66.402
5,-33.216
8,666.24
16,367.38
3
3
8
8
8,48.223
5,223.96
16,555.66
3
8
5
16,169.1
14,47.294
5,379.02
3
3
5,-156.14
3
3
3
7
5
5,194.91
9,60.591
11,51.763999999999996
17,-434.98
5
6,620.44
13,112.05
8
5
8,175.6
5
3
19,366.01
15,-394.67
2
14,358.62
13,10.693
16,69.805
2
17,-113.6
6,44.486999999999995
8
8,501.95
3
3
8
18,-168.55
3
16,735.06
8,904.08
17,220.4
6,-2.7384
3
3
3
3
3
3
5
13,189.81
14,0.15957000000000002
4
18,357.94
16,366.06
19,397.41
11,504.15
17,237.68
15,336.14
6,517.57
8,418.43
8
8
8
3
3
3
5
8
2
15,-60.518
14,82.742
5
19,277.46
8
5
14,-75.361
3
3
8,211.31
13,82.381
17,-106.66
6,677.25
11,155.93
5
3
3
0
6,32.821
3
14,457.57
17,184.27
19,-146.46
5
16,-80.607
5
15,-310.92
5
5
3
3
9,90.79
11,-136.82
13,203.63
0
5
19,114.22
18,-120.66
5
6,369.88
8
15,228.5
17,-100.41
16,352.87
3
3
3
3
5
14,111.45
18,-97.845
9
5
11,-93.887
0
15,218.02
8
3
11,-159.37
10,-42.824
8,83.366
2
17,-365.71
5
13,-339.48
0
6,1428.3
15,-230.2
3
9,449.85
18,157.95
5,206.71
3
3
19,129.02
14,-205.03
3
16,670.46
5,113.78
3
3
3
5
5
2
14,160.57
13,-42.832
0
5
18,231.49
19,90.48299999999999
15,522.18
0
5
8
3
6,1056.3
19,232.95
8,-173.4
15,-239.4
9,82.04299999999999
5,188.18
17,-741.02
3
2
0
0
14,497.7
17,-51.172
5,410.79
10,431.82
3
2
5
2
0
13,-349.8
9,-91.82600000000001
16,-46.036
8
14,271.02
15,-451.09
5
10,184.15
5,-404.62
3
3
8
2
16,314.82
15,68.376
10,466.86
2
0
8
3
10,407.18
18,-183.77
14,373.2
5,14.943
16,-29.506
3
9,-202.69
15,384.59
17,-76.023
3
3
3
17,115.29
15,219.84
3
3
3
17,-150.34
9,199.91
15,356.28
16,59.657
3
3
8
4
9,-207.12
3
15,-448.22
3
16,180.82
3
3
0
5,440.48
14,582.45
9,839.63
17,-503.43
15,-394.1
3
16,191.93
3
3
16,175.98
15,101.49
3
3
15,657.18
3
3
7
2
16,-68.581
5
9,174.12
15,124.09
17,-315.24
14,-58.381
3
3
3
3
15,-257.68
3
4
0
8,320.07
5,-79.851
7
17,8.7322
5
3
16,97.48299999999999
5
9,496.23
15,41.157
13,103.72
14,-20.868000000000002
5,-513.63
8
17,-427.92
3
18,-386.39
3
10,-401.81
3
3
3
5
14,415.15
18,-364.45
3
3
3
7
8,207.04
15,-9.0474
9,302.31
16,342.53
2
2
3
7
5,-600.05
2
14,501.33
9,467.06
18,-192.9
0
17,-635.44
1
16,363.03
13,34.603
3
3
3
7
0
