0,0,47.521
1,1,47.475
2,5,-124.74
3,9,-252.65
4,3,692.62
5,6,464.2
6,4
7,7
8,16,426.14
9,18,263.95
10,9
11,4
12,7
13,6,421.41
14,4
15,3,184.49
16,2
17,2,213.0
18,13,-170.53
19,9
20,11,811.14
21,17,282.83
22,7,-392.11
23,7
24,8,189.75
25,12,194.15
26,3
27,16,87.118
28,7
29,7
30,12,-94.704
31,7
32,4,426.84
33,7
34,16,275.72
35,7
36,19,-126.09
37,7
38,7
39,3
40,4
41,3
42,12,-163.98
43,8,337.88
44,1
45,19,171.39
46,9
47,7
48,14,-20.315
49,2,102.93
50,6,970.6
51,3,427.22
52,9,76.001
53,4
54,9
55,18,302.54
56,15,46.612
57,7,225.72
58,8,448.91
59,4
60,17,-362.49
61,1
62,13,235.41
63,4,749.81
64,9
65,9
66,4
67,7
68,8,333.94
69,17,-217.98
70,4
71,19,-83.519
72,4
73,11,120.55
74,7
75,7,-64.481
76,9
77,9
78,13,-202.43
79,4,750.34
80,7
81,19,36.937
82,4
83,9
84,9
85,7
86,7
87,6,652.79
88,3
89,7
90,6,664.62
91,13,-62.556
92,19,133.15
93,18,141.39
94,4
95,3,540.5
96,9
97,9
98,4
99,9,299.25
100,3,128.72
101,7
102,16,479.48
103,7,-370.44
104,4
105,4
106,7
107,7
108,19,29.693
109,9
110,7,-309.73
111,1
112,4,360.1
113,9
114,2,353.86
115,3,927.32
116,7
117,1
118,3
119,9,-123.94
120,3,659.71
121,6,344.85
122,15,26.658
123,5,-416.38
124,1
125,4
126,9
127,12,353.72
128,15,-26.32
129,14,9.7268
130,7
131,2,-56.5
132,1
133,4
134,17,-197.06
135,8,633.18
136,9
137,4
138,7
139,7
140,14,71.768
141,15,-183.46
142,1
143,5,-526.2
144,7
145,10,-204.76
146,5
147,19,86.974
148,9
149,4
150,7,13.653
151,7
152,1
153,16,-77.219
154,14,462.25
155,15,112.95
156,6
157,2
158,2,-491.34
159,6
160,1
161,2,81.786
162,3,60.21
163,12,-88.517
164,13,159.96
165,5
166,1
167,5,-254.35
168,1
169,10,-245.55
170,6
171,2
172,12,446.62
173,11,-189.09
174,10,107.89
175,1
176,7
177,17,50.227
178,15,-291.91
179,5,-214.15
180,1
181,6,494.09
182,4
183,3
184,14,-152.57
185,9
186,18,-237.42
187,2
188,7,162.2
189,13,-140.89
190,10,-100.68
191,6,567.28
192,9
193,1
194,8
195,4,706.67
196,19,205.3
197,10,-182.37
198,5,434.8
199,6,892.92
200,1
201,8,174.35
202,1
203,1
204,6,633.59
205,9
206,1
207,5,-7.2573
208,8,266.97
209,7
210,6,1059.0
211,1
212,7
213,8,262.15
214,1
215,6,796.17
216,8
217,1
218,1
219,8,588.33
220,10,-301.25
221,19,84.128
222,6,717.95
223,4
224,5,273.72
225,1
226,1
227,6
228,6,349.76
229,5,-569.18
230,1
231,1
232,19,-126.24
233,5,-167.25
234,7
235,2
236,5,-75.469
237,8
238,1
239,5,-214.22
240,10,-219.56
241,1
242,19,-26.555
243,6,358.36
244,1
245,1
246,6,594.65
247,1
248,1
249,6,407.32
250,4
251,19,213.41
252,10,202.71
253,1
254,8
255,1
256,4
257,6,335.05
258,10,-42.345
259,5
260,1
261,5,-77.753
262,15,-122.74
263,5
264,14,419.27
265,8,294.42
266,3
267,19,-201.99
268,3
269,7
270,1
271,3
272,7
273,17,-16.593
274,5,121.31
275,15,164.07
276,2
277,3
278,1
279,5,-109.81
280,7
281,7,-236.38
282,7
283,3
284,1,-260.33
285,6,534.1
286,4,593.81
287,7,128.56
288,10,-184.35
289,3,411.31
290,11,-99.461
291,2,-335.55
292,2
293,12,-86.373
294,7
295,14,71.069
296,4
297,9
298,14,67.888
299,16,-103.51
300,5
301,9,-64.868
302,4
303,8,240.21
304,6
305,12,-192.39
306,4
307,18,206.38
308,2
309,9
310,15,-397.42
311,5
312,2,-885.17
313,2
314,9,601.1
315,13,-182.46
316,4
317,19,186.32
318,4
319,8,412.6
320,4
321,4
322,9
323,2,-133.56
324,16,1.7913
325,9
326,18,173.05
327,5,-16.19
328,7
329,4
330,5,-67.206
331,9
332,5
333,8,192.69
334,7
335,5
336,15,-295.08
337,9,-292.29
338,7
339,2,-862.18
340,0
341,5,368.4
342,12,-374.12
343,7
344,13,471.08
345,3,268.77
346,5
347,5
348,7
349,4
350,17,-121.49
351,16,3.4821
352,5
353,8,414.44
354,3,151.26
355,6
356,9,-532.2
357,4
358,5,330.41
359,14,427.81
360,19,232.19
361,2,-617.95
362,4
363,7
364,9
365,9
366,4
367,2,164.3
368,11,183.65
369,14,175.92
370,5,-134.7
371,7
372,0
373,9
374,5
375,18,-143.14
376,9
377,3,772.13
378,7
379,5
380,3,285.32
381,2,-215.39
382,8,381.32
383,4
384,11,271.04
385,18,34.057
386,0
387,2
388,5
389,11,134.5
390,19,-89.484
391,7
392,9
393,6
394,18,145.76
395,16,86.181
396,19,-81.607
397,7
398,11,220.23
399,5
400,9
401,19,174.23
402,11,324.82
403,7
404,4
405,9
406,2,-691.86
407,0
408,5
409,3,-73.174
410,11,-238.58
411,9
412,15,247.02
413,8,934.52
414,14,-23.501
415,6
416,5,-209.98
417,2,-429.28
418,2
419,4
420,4
421,7
422,9
423,2,-884.16
424,0
425,10,-399.97
426,5,-188.67
427,7
428,4
429,12,-143.92
430,8,-6.7259
431,4
432,16,-208.43
433,9
434,13,346.01
435,15,-387.83
436,7
437,14,-196.81
438,7
439,18,233.92
440,7
441,11,-44.453
442,7
443,7
444,11,222.25
445,7
446,4
447,17,117.07
448,15,18.842
449,16,-124.17
450,4
451,18,-209.65
452,9
453,8,612.24
454,14,416.55
455,19,234.73
456,9,-284.0
457,7
458,7
459,7
460,7
461,7
462,16,348.1
463,8,413.75
464,5,-163.26
465,1
466,7
467,11,-47.507
468,9,227.4
469,5
470,7
471,9
472,0
473,2
474,15,-99.243
475,3,715.05
476,9,345.79
477,11,215.82
478,2,426.14
479,17,64.332
480,18,-75.476
481,12,62.032
482,16,97.596
483,5,-642.13
484,8
485,7,187.53
486,9
487,7
488,10,-251.27
489,14,446.36
490,5,-506.78
491,4
492,13,52.523
493,4
494,4
495,9
496,8,646.13
497,7,-732.24
498,8
499,14,1.8915
500,13,237.16
501,9
502,4
503,13,-35.297
504,4
505,4
506,7
507,8,359.99
508,5,181.59
509,9
510,4
511,5,-271.97
512,9
513,13,106.02
514,9
515,7,-287.75
516,9
517,4
518,7,-126.79
519,12,189.87
520,16,106.92
521,13,183.97
522,19,51.923
523,9
524,2
525,4
526,8,649.93
527,5,-800.68
528,7
529,14,-322.88
530,6
531,13,-269.65
532,9
533,19,-41.084
534,10,56.582
535,4
536,4
537,10,-359.14
538,4
539,4
540,5,-233.26
541,10,-199.55
542,14,418.25
543,9
544,4
545,4
546,13,452.15
547,4
548,9
549,14,-82.934
550,5
551,10,257.83
552,5,199.83
553,13,-110.54
554,9
555,9
556,4
557,4
558,12,-417.06
559,13,-46.751
560,4
561,14,381.7
562,7
563,4
564,5,556.13
565,10,270.93
566,13,-426.19
567,9
568,8,-111.25
569,9
570,19,-402.44
571,16,197.12
572,9
573,4
574,14,35.796
575,16,-71.763
576,4
577,4
578,16,256.97
579,4
580,4
581,8,652.7
582,16,319.36
583,13,-70.921
584,7
585,19,-302.83
586,7
587,14,-1.208
588,4
589,4
590,14,-193.72
591,4
592,4
593,7
594,7
595,16,500.43
596,8,332.76
597,18,75.341
598,12,-30.438
599,4
600,6
601,13,67.481
602,4
603,19,-96.613
604,4
605,6
606,19,15.411
607,5
608,18,353.55
609,4
610,6
611,13,338.34
612,4
613,4
614,13,271.79
615,7,-100.86
616,5
617,7
618,7,138.8
619,10,138.5
620,9
621,4
622,8,813.37
623,10,267.67
624,16,-220.72
625,4
626,14,32.592
627,17,-184.13
628,9
629,9
630,4
631,7
632,4
633,19,-395.88
634,8,379.25
635,4
636,5,52.672
637,9
638,5
639,14,-287.74
640,2,-23.926
641,5
642,18,-249.61
643,9
644,8,791.96
645,5,-153.53
646,8
647,17,-283.98
648,9
649,4
650,9
651,7,572.71
652,2,715.28
653,17,-706.68
654,8
655,13,-558.54
656,5
657,16,-329.75
658,5
659,8,-170.57
660,9
661,18,-126.45
662,5,155.82
663,10,-226.73
664,12,190.83
665,4
666,4
667,12,-507.04
668,4
669,4
670,10,-157.01
671,12,-48.085
672,4
673,4
674,12,53.214
675,5
676,4
677,12,-550.42
678,4
679,5,57.314
680,10,-84.287
681,4
682,4
683,10,36.864
684,4
685,4
686,9
687,5,-83.279
688,4
689,7
690,18,-43.972
691,8,691.43
692,7,-477.36
693,5
694,12,-116.09
695,14,-94.46
696,9
697,16,221.1
698,7
699,4
700,17,-409.09
701,16,215.22
702,2
703,2,-69.854
704,9
705,4
706,16,-57.143
707,19,-109.29
708,9
709,5
710,5,-540.19
711,8
712,10,370.26
713,13,61.775
714,11,23.819
715,9
716,9
717,19,29.538
718,14,281.4
719,9
720,2,322.11
721,9
722,7
723,2,154.05
724,11,344.65
725,14,289.05
726,9
727,9
728,4
729,9
730,9
731,12,128.69
732,10,-235.2
733,4
734,19,71.415
735,9
736,4
737,7,-160.76
738,5
739,4
740,11,69.575
741,7,-260.27
742,10,-66.622
743,14,210.72
744,2,-224.58
745,9
746,5
747,9
748,12,-14.142
749,5
750,16,109.58
751,5
752,9
753,19,-22.741
754,5,344.03
755,12,353.35
756,2,-523.64
757,2
758,16,56.212
759,7
760,13,-284.35
761,4
762,14,282.95
763,10,393.41
764,9
765,7
766,8,470.1
767,4
768,17,-466.82
769,9
770,9
771,4
772,4
773,2,314.72
774,8,292.82
775,9
776,13,-395.97
777,9
778,14,-209.15
779,2
780,16,148.99
781,4
782,5,459.79
783,4
784,4
785,9
786,7,-164.71
787,14,-56.061
788,10,-0.12914
789,5
790,2,355.49
791,9
792,4
793,5,86.753
794,12,44.882
795,13,-6.287
796,5
797,8
798,9
799,19,-280.21
800,8
801,4
802,2,435.64
803,19,-246.81
804,10,-61.211
805,4
806,9
807,12,26.54
808,5,-205.29
809,13,-171.91
810,7
811,8,545.87
812,4
813,4
814,17,-231.62
815,8,233.27
816,4
817,7
818,16,-27.709
819,5
820,8,747.3
821,14,716.03
822,13,233.76
823,4
824,4
825,9
826,9
827,5,-680.84
828,9
829,8,300.73
830,13,218.39
831,4
832,9
833,4
834,14,247.73
835,9
836,4
837,9,-24.409
838,11,565.35
839,12,-98.781
840,5,-335.81
841,18,94.78
842,10,-52.75
843,2,-333.08
844,7,-522.7
845,4
846,9
847,8
848,4
849,7
850,7,-215.65
851,16,68.394
852,8
853,4
854,5
855,10,3.3381
856,5,149.55
857,17,-313.13
858,18,289.33
859,7,75.334
860,8,451.21
861,9
862,9
863,7
864,4
865,7,340.77
866,19,230.92
867,14,-87.796
868,16,217.03
869,2,-735.91
870,8,205.14
871,4
872,18,-184.85
873,4
874,9
875,9
876,4
877,9
878,9
879,7
880,7,-89.597
881,4
882,9
883,18,52.524
884,9
885,19,104.94
886,7
887,4
888,5,506.59
889,18,349.34
890,8,1104.6
891,7,448.73
892,14,375.06
893,4
894,4
895,4
896,9
897,5
898,5
899,5,-187.64
900,2,14.887
901,11,788.32
902,19,-89.676
903,8,540.17
904,3
905,18,255.86
906,8
907,5
908,8,71.752
909,3
910,8
911,4
912,10,10.881
913,8,245.55
914,3
915,5
916,4
917,10,92.66
918,18,91.99
919,17,24.815
920,11,371.88
921,2,122.82
922,7,352.15
923,9
924,7
925,5
926,16,262.71
927,9
928,4
929,14,202.04
930,8,87.448
931,9
932,16,-115.43
933,5
934,5
935,9
936,14,450.68
937,7,342.14
938,12,452.93
939,2,-875.38
940,8
941,19,369.13
942,17,-198.41
943,13,-36.005
944,9
945,5
946,13,-213.52
947,11,105.35
948,5
949,5
950,5
951,5
952,4
953,4
954,12,172.63
955,5
956,9
957,11,531.53
958,16,-54.279
959,5
960,13,28.162
961,7,194.67
962,8,748.61
963,4
964,9
965,7
966,7,543.99
967,9
968,4
969,2,-54.72
970,5
971,4
972,9,145.92
973,3,603.22
974,11,89.706
975,2,203.87
976,8,997.2
977,18,69.101
978,12,168.26
979,17,-105.39
980,5,-364.16
981,9
982,7,316.36
983,14,193.52
984,16,-23.01
985,9
986,4
987,9
988,7
989,5,-42.398
990,2
991,6
992,5,88.569
993,7,538.58
994,10,-464.05
995,3
996,9
997,4
998,4
999,5,420.33
1000,7,136.07
1001,16,134.67
1002,12,191.99
1003,17,-305.7
1004,9
1005,10,-484.48
1006,9
1007,19,-371.08
1008,9
1009,13,-196.14
1010,2
1011,14,-4.6127
1012,4
1013,4
1014,9
1015,12,-198.32
1016,2
1017,13,248.91
1018,14,-80.93
1019,4
1020,17,53.889
1021,19,141.74
1022,4
1023,4
1024,4
1025,9
1026,14,232.45
1027,10,-185.66
1028,4
1029,4
1030,4
1031,13,159.29
1032,4
1033,6
1034,7,317.06
1035,9
1036,4
1037,12,-508.25
1038,7
1039,16,378.31
1040,19,215.07
1041,17,52.846
1042,14,309.08
1043,7,594.63
1044,8,603.71
1045,5,12.763
1046,13,305.18
1047,9
1048,18,41.617
1049,9
1050,9
1051,9
1052,18,-160.34
1053,9
1054,5,-451.26
1055,10,-417.92
1056,9
1057,4
1058,9
1059,4
1060,4
1061,3
1062,3
1063,4
1064,17,23.218
1065,18,194.19
1066,12,280.72
1067,13,543.86
1068,19,120.53
1069,14,592.71
1070,16,786.8
1071,7,762.12
1072,2,518.11
1073,8,1341.7
1074,5,-609.4
1075,10,-298.55
1076,4
1077,4
1078,10,-246.33
1079,4
1080,4
1081,4
1082,8,850.35
1083,9
1084,4
1085,7
1086,0
1087,9
1088,8,34.38
1089,9
1090,7,-293.29
1091,9
1092,14,-176.89
1093,9
1094,2,-1052.1
1095,2
1096,5,343.68
1097,10,4.5949
1098,16,29.642
1099,4
1100,4
1101,16,-39.355
1102,9
1103,4
1104,7
1105,7,-407.26
1106,4
1107,9
1108,8,437.53
1109,7,-9.3258
1110,10,191.37
1111,2,-503.99
1112,9
1113,9
1114,4
1115,4
1116,2,856.74
1117,19,-322.73
1118,2
1119,13,-69.888
1120,4
1121,4
1122,5
1123,2,439.79
1124,12,-227.59
1125,5,-184.48
1126,7,-437.68
1127,9
1128,4
1129,9
1130,7,-602.05
1131,6
1132,8,1640.2
1133,5,89.357
1134,16,175.92
1135,19,257.54
1136,10,-183.12
1137,4
1138,14,182.43
1139,4
1140,13,-257.85
1141,7
1142,4
1143,14,233.31
1144,6
1145,4
1146,4
1147,14,50.513
1148,19,-83.061
1149,9
1150,13,105.76
1151,10,206.93
1152,16,91.122
1153,4
1154,4
1155,4
1156,2
1157,4
1158,9
1159,16,-19.561
1160,4
1161,9
1162,12,-64.789
1163,10,-50.629
1164,5,-18.872
1165,6
1166,4
1167,8,679.3
1168,6
1169,8
1170,18,-173.86
1171,2
1172,13,440.14
1173,16,63.116
1174,4
1175,4
1176,6
1177,12,110.95
1178,11,466.42
1179,18,152.14
1180,7,-180.0
1181,5,-265.31
1182,17,-210.07
1183,2,428.42
1184,10,-257.07
1185,9
1186,9
1187,5
1188,4
1189,16,-19.089
1190,8
1191,4
1192,16,242.27
1193,14,-264.75
1194,4
1195,13,-276.86
1196,4
1197,5,360.89
1198,9
1199,9
1200,7
1201,17,1.1868
1202,2,-194.18
1203,7,240.03
1204,4
1205,9
1206,5
1207,8
1208,8,769.46
1209,16,-102.16
1210,7,19.513
1211,9
1212,4
1213,7,254.49
1214,17,122.88
1215,2,-51.694
1216,10,355.5
1217,19,-247.49
1218,4
1219,5,-96.817
1220,13,11.816
1221,4
1222,4
1223,4
1224,7
1225,5,249.01
1226,10,309.57
1227,4
1228,4
1229,9
1230,8
1231,7
1232,16,471.16
1233,9
1234,5
1235,16,145.61
1236,2,186.21
1237,11,496.6
1238,17,183.1
1239,18,190.86
1240,7,587.39
1241,5,421.43
1242,14,-223.91
1243,9
1244,9
1245,9
1246,0
1247,5,96.862
1248,10,-372.6
1249,4
1250,14,-86.856
1251,4
1252,9
1253,19,130.45
1254,7,-171.25
1255,4
1256,9
1257,9
1258,8
1259,14,-29.61
1260,5,156.68
1261,13,67.132
1262,4
1263,9
1264,9
1265,18,245.35
1266,19,557.7
1267,5,322.47
1268,10,197.43
1269,9
1270,9
1271,4
1272,4
1273,4
1274,5
1275,11,316.0
1276,14,74.682
1277,4
1278,8,912.32
1279,9
1280,4
1281,13,-354.66
1282,8,774.44
1283,4
1284,9
1285,5,291.92
1286,4
1287,4
1288,18,99.078
1289,2,-370.68
1290,3,356.74
1291,5,-10.503
1292,17,-523.76
1293,9
1294,10,15.45
1295,7,-353.75
1296,8
1297,12,-52.6
1298,2
1299,2
1300,4
1301,13,-369.55
1302,9
1303,4
1304,7,-9.222
1305,12,-238.4
1306,8
1307,14,57.615
1308,8
1309,5,312.56
1310,9
1311,4
1312,19,-144.98
1313,3
1314,4
1315,12,332.67
1316,11,638.0
1317,7,274.92
1318,17,-41.359
1319,16,637.27
1320,10,580.77
1321,5,497.34
1322,3,156.9
1323,13,101.47
1324,4
1325,14,384.13
1326,19,41.899
1327,8,1039.5
1328,9
1329,9
1330,8,387.1
1331,9
1332,4
1333,8,737.13
1334,19,-346.87
1335,4
1336,9
1337,9
1338,19,438.27
1339,13,-225.36
1340,8,1225.5
1341,14,293.83
1342,9
1343,9
1344,8
1345,14,-427.16
1346,9
1347,8,29.465
1348,9
1349,9
1350,5
1351,3,423.85
1352,4
1353,13,-69.978
1354,4
1355,8,285.97
1356,5
1357,19,219.93
1358,9
1359,5
1360,4
1361,4
1362,5,-235.87
1363,3,765.8
1364,9
1365,3
1366,13,-147.08
1367,7
1368,3,119.39
1369,4
1370,10,385.0
1371,8,926.57
1372,16,193.81
1373,14,-266.68
1374,9
1375,19,-192.63
1376,9
1377,9
1378,14,18.813
1379,19,195.61
1380,9
1381,7
1382,9
1383,2
1384,7
1385,8,262.47
1386,3,246.38
1387,9
1388,7
1389,3,154.84
1390,10,-157.06
1391,14,432.69
1392,5,282.94
1393,9
1394,4
1395,4
1396,4
1397,5,564.92
1398,13,-338.07
1399,4
1400,10,-57.003
1401,17,-46.73
1402,9
1403,9
1404,17,-299.1
1405,16,39.594
1406,7
1407,14,219.07
1408,9
1409,4
1410,9
1411,7
1412,3,566.66
1413,14,-2.7972
1414,9
1415,4
1416,5,-403.68
1417,8
1418,9
1419,17,-302.64
1420,7,-125.44
1421,9
1422,4
1423,10,-202.55
1424,2
1425,16,240.68
1426,3,84.502
1427,2
1428,9
1429,8,398.27
1430,9
1431,4
1432,11,252.7
1433,12,315.83
1434,2,-250.43
1435,5,5.1491
1436,3,321.0
1437,17,-328.63
1438,4
1439,14,44.791
1440,2
1441,2
1442,17,-187.53
1443,9
1444,3
1445,3,597.95
1446,7,-145.41
1447,17,-218.92
1448,9
1449,4
1450,4
1451,9
1452,17,-67.394
1453,7,492.72
1454,3,-230.45
1455,13,251.21
1456,10,-659.24
1457,9
1458,5,-258.45
1459,4
1460,4
1461,9
1462,16,590.34
1463,8,161.39
1464,3
1465,19,17.705
1466,5,803.63
1467,13,321.28
1468,10,-673.16
1469,4
1470,14,91.604
1471,9
1472,9
1473,9
1474,3
1475,13,-4.854
1476,9
1477,5,87.998
1478,9
1479,7
1480,4
1481,3,187.7
1482,4
1483,7
1484,7,192.41
1485,5,-81.628
1486,3
1487,3,293.35
1488,2
1489,10,226.76
1490,9
1491,4
1492,7
1493,17,-355.98
1494,7,-243.86
1495,5
1496,10,-505.93
1497,5
1498,4
1499,16,293.92
1500,14,-92.063
1501,5
1502,19,-284.09
1503,2
1504,9
1505,7,-244.92
1506,9
1507,2,-40.759
1508,4
1509,2
1510,3,571.61
1511,17,-62.794
1512,19,-383.28
1513,2
1514,10,407.14
1515,12,-372.7
1516,4
1517,13,-299.93
1518,2,-105.92
1519,4
1520,7
1521,4
1522,4
1523,2,9.0414
1524,8,836.2
1525,7,-347.41
1526,9
1527,4
1528,2
1529,7
1530,2,-406.74
1531,13,-250.36
1532,4
1533,8
1534,16,433.49
1535,17,61.918
1536,10,351.39
1537,12,505.55
1538,9
1539,4
1540,4
1541,3
1542,4
1543,3,97.482
1544,9,136.5
1545,2,52.769
1546,8,1047.3
1547,15,321.56
1548,4,286.48
1549,9
1550,14,443.89
1551,12,-509.96
1552,2
1553,5,-793.58
1554,4
1555,13,-168.84
1556,4
1557,11,-261.08
1558,2
1559,10,-688.65
1560,4
1561,16,702.95
1562,17,-228.81
1563,18,-160.31
1564,6
1565,7,-311.34
1566,6
1567,19,94.871
1568,6
1569,6
1570,18,-410.79
1571,6
1572,7,187.97
1573,19,393.54
1574,6
1575,6
1576,19,-26.538
1577,2
1578,6
1579,4
1580,12,-221.08
1581,6
1582,4
1583,17,-117.31
1584,9
1585,6
1586,10,51.06
1587,7,37.581
1588,9
1589,6
1590,0
1591,15,-3.1846
1592,13,76.27
1593,0
1594,5,263.43
1595,6
1596,2
1597,4,801.14
1598,7
1599,11,233.78
1600,12,-408.9
1601,2
1602,9
1603,8
1604,11,-61.513
1605,2,-212.2
1606,4,893.42
1607,14,-17.924
1608,2
1609,9
1610,5,-89.733
1611,13,-137.66
1612,2
1613,2
1614,6
1615,12,-227.5
1616,7
1617,14,-200.06
1618,7
1619,13,-106.41
1620,2
1621,18,432.77
1622,9
1623,9
1624,4,410.91
1625,12,30.433
1626,8,475.88
1627,6
1628,15,-172.0
1629,5
1630,0
1631,9
1632,2,-35.309
1633,8,376.61
1634,12,-255.02
1635,4
1636,7,-73.714
1637,6
1638,4
1639,18,115.18
1640,19,-143.4
1641,2
1642,10,68.882
1643,12,-276.86
1644,4
1645,13,90.889
1646,2
1647,17,192.03
1648,15,-152.51
1649,0
1650,6
1651,0
1652,4
1653,12,-35.912
1654,2
1655,19,100.19
1656,2
1657,6
1658,18,171.04
1659,19,306.91
1660,13,51.156
1661,0
1662,9
1663,6
1664,12,251.43
1665,10,-96.989
1666,2
1667,7
1668,4
1669,4,978.27
1670,18,-175.97
1671,15,-12.243
1672,2,-942.99
1673,8,755.13
1674,9
1675,9,-37.5
1676,7
1677,0
1678,7,86.757
1679,11,-19.604
1680,9,-3.5027
1681,5,-179.89
1682,7
1683,2
1684,5,-279.44
1685,8
1686,9
1687,10,-357.59
1688,5,-224.68
1689,9
1690,8,91.783
1691,8
1692,4
1693,17,-69.948
1694,14,100.72
1695,9,731.71
1696,12,273.98
1697,9
1698,2
1699,7
1700,16,462.6
1701,8,271.78
1702,9
1703,4
1704,7
1705,16,283.65
1706,12,-222.76
1707,5
1708,0
1709,9
1710,10,176.68
1711,14,-53.877
1712,9
1713,11,913.03
1714,17,-594.22
1715,2
1716,9,767.7
1717,12,211.3
1718,7
1719,7
1720,7
1721,4
1722,0
1723,8,656.23
1724,2,-696.2
1725,0
1726,12,393.41
1727,9,-543.3
1728,4
1729,14,629.25
1730,16,466.32
1731,7,205.07
1732,19,248.76
1733,9
1734,13,37.825
1735,9
1736,9
1737,9
1738,7
1739,7
1740,0
1741,19,-43.951
1742,0
1743,9
1744,7,-172.71
1745,14,93.608
1746,5,-282.13
1747,8,931.88
1748,11,301.41
1749,16,446.39
1750,19,-363.82
1751,7
1752,7
1753,7
1754,7
1755,0
1756,15,-267.08
1757,5
1758,11,369.35
1759,19,171.68
1760,10,336.96
1761,12,97.55
1762,5
1763,8,45.786
1764,7
1765,16,261.27
1766,2,685.19
1767,9
1768,5
1769,7
1770,7
1771,2,-197.6
1772,7
1773,7
1774,19,200.78
1775,9
1776,9
1777,12,87.945
1778,15,-354.65
1779,5,-450.0
1780,8
1781,2,-838.44
1782,4
1783,13,305.41
1784,5
1785,8
1786,11,305.81
1787,17,-167.97
1788,10,-274.61
1789,4
1790,7
1791,16,221.57
1792,2,-567.11
1793,9
1794,8
1795,5
1796,10,-147.74
1797,9,137.3
1798,4
1799,7
1800,9
1801,5,-39.111
1802,2,96.822
1803,17,58.124
1804,8,1050.8
1805,9,-384.11
1806,7
1807,10,219.46
1808,9
1809,7
1810,4
1811,9
1812,7
1813,8,406.29
1814,9
1815,4
1816,8,996.46
1817,5,195.82
1818,16,-300.48
1819,11,147.25
1820,7
1821,12,-23.743
1822,7
1823,9
1824,2,-1186.2
1825,0
1826,11,318.95
1827,14,-394.79
1828,3
1829,19,-427.55
1830,2
1831,13,-389.8
1832,7
1833,17,-779.05
1834,2
1835,9,1013.8
1836,10,-637.52
1837,15,-274.9
1838,8
1839,12,185.26
1840,7
1841,3
1842,12,111.21
1843,15,408.51
1844,7
1845,7
1846,15,-443.48
1847,9
1848,7
1849,9
1850,19,-131.85
1851,12,-72.941
1852,5
1853,9
1854,15,34.103
1855,14,-248.8
1856,8
1857,13,477.72
1858,10,-452.46
1859,7
1860,17,164.29
1861,12,-169.26
1862,9,255.44
1863,7
1864,7
1865,9,-407.99
1866,7
1867,7
1868,7
1869,7
1870,9,3.2354
1871,12,14.593
1872,7
1873,10,-252.89
1874,7
1875,9
1876,14,568.02
1877,12,-186.82
1878,9
1879,10,332.88
1880,13,212.8
1881,7
1882,2
1883,7
1884,9
1885,16,76.618
1886,15,-198.99
1887,5
1888,17,-163.62
1889,2
1890,9
1891,2,-285.06
1892,9
1893,14,-140.15
1894,11,263.4
1895,17,96.999
1896,9,503.97
1897,7
1898,7
1899,5
1900,13,-198.43
1901,1
1902,9
1903,13,292.82
1904,11,593.04
1905,9,631.5
1906,7
1907,4
1908,5
1909,3
1910,17,-362.83
1911,7
1912,2,-374.15
1913,5,-379.34
1914,9
1915,0
1916,5
1917,7,39.433
1918,15,-185.02
1919,9,-138.48
1920,11,383.53
1921,10,-123.15
1922,12,-53.523
1923,5,-266.24
1924,13,564.79
1925,8
1926,4
1927,2,314.71
1928,4
1929,8
1930,19,-32.109
1931,18,-242.7
1932,4
1933,9
1934,5,244.19
1935,2,-611.51
1936,8
1937,9
1938,4
1939,5,-531.54
1940,7
1941,19,-216.67
1942,9
1943,12,326.48
1944,18,124.84
1945,7
1946,8
1947,9
1948,5,-578.09
1949,9
1950,4
1951,5,-104.57
1952,11,680.6
1953,16,291.56
1954,14,476.37
1955,2,608.21
1956,13,-235.7
1957,5
1958,17,-757.51
1959,2
1960,8,3.6558
1961,2
1962,12,183.48
1963,8
1964,18,174.48
1965,10,-22.605
1966,8
1967,8
1968,9
1969,5
1970,8
1971,10,57.679
1972,2,445.65
1973,18,605.98
1974,8
1975,5
1976,9
1977,4
1978,4
1979,17,-205.89
1980,11,655.54
1981,18,-134.0
1982,9
1983,19,-336.05
1984,5
1985,10,340.59
1986,13,384.06
1987,8,1070.6
1988,8
1989,8
1990,8
1991,9
1992,4
1993,10,197.75
1994,12,-142.48
1995,5
1996,11,-81.834
1997,0
1998,13,480.78
1999,19,555.69
2000,18,208.04
2001,9
2002,9
2003,4
2004,5
2005,2,-250.88
2006,9
2007,4
2008,18,225.0
2009,12,-124.6
2010,8,476.27
2011,9,338.52
2012,5,-487.66
2013,7
2014,10,277.61
2015,17,-387.04
2016,4
2017,11,160.66
2018,4
2019,4
2020,6
2021,3
2022,16,237.49
2023,10,-310.9
2024,11,800.93
2025,3
2026,4
2027,9,-208.6
2028,9
2029,11,606.1
2030,8
2031,9
2032,10,-200.2
2033,4
2034,11,311.11
2035,7
2036,9
2037,5,-796.48
2038,10,-246.14
2039,9
2040,7
2041,16,149.4
2042,2,134.41
2043,11,-149.61
2044,7
2045,10,404.87
2046,14,-293.93
2047,2
2048,17,266.8
2049,19,409.71
2050,8,-92.763
2051,6
2052,13,-332.38
2053,9
2054,9,196.16
2055,9
2056,9
2057,7
2058,3
2059,0
2060,10,-294.76
2061,11,432.66
2062,8
2063,7
2064,13,26.019
2065,3
2066,17,41.001
2067,11,379.99
2068,9
2069,9
2070,9
2071,13,114.72
2072,10,-489.5
2073,3
2074,9,-357.87
2075,7
2076,8,1057.2
2077,2,-1026.4
2078,0
2079,14,-392.72
2080,7
2081,19,342.03
2082,17,141.89
2083,11,635.32
2084,9
2085,9
2086,4
2087,9
2088,4
2089,19,134.32
2090,2,445.75
2091,17,175.5
2092,8,230.6
2093,11,-73.319
2094,4
2095,9
2096,9,-570.28
2097,4
2098,11,869.86
2099,10,166.43
2100,14,203.97
2101,9
2102,9
2103,9
2104,7
2105,7
2106,3
2107,8,568.76
2108,14,-155.96
2109,9
2110,11,483.6
2111,2,75.668
2112,9
2113,17,110.69
2114,10,127.78
2115,7
2116,7
2117,3
2118,4
2119,4
2120,13,-34.25
2121,16,332.31
2122,10,-239.85
2123,19,81.08
2124,3
2125,7
2126,17,109.15
2127,5,-445.36
2128,2
2129,9
2130,7
2131,14,176.2
2132,2,12.213
2133,8,1161.4
2134,4
2135,9
2136,7
2137,9
2138,2,378.29
2139,14,582.27
2140,16,490.44
2141,17,-416.28
2142,2
2143,19,-316.95
2144,3
2145,8,232.65
2146,3
2147,9,865.47
2148,11,844.93
2149,10,180.77
2150,5,145.29
2151,12,64.123
2152,7
2153,7
2154,7
2155,4
2156,4
2157,3
2158,4
2159,9
2160,12,-324.45
2161,2
2162,3
2163,18,-17.341
2164,11,11.37
2165,10,-0.7569
2166,2,-828.93
2167,2
2168,5,18.406
2169,14,-270.6
2170,2
2171,15,148.13
2172,16,-85.054
2173,2
2174,7
2175,9
2176,9
2177,9,408.75
2178,13,-260.07
2179,4
2180,0
2181,9
2182,15,-101.06
2183,2,661.7
2184,19,135.48
2185,8,711.75
2186,7
2187,5,-218.59
2188,0
2189,9
2190,13,86.619
2191,7
2192,12,-77.458
2193,7
2194,4
2195,9
2196,16,462.62
2197,8,56.172
2198,6
2199,19,-268.79
2200,3
2201,13,-254.51
2202,4
2203,9,-603.05
2204,4
2205,12,-272.34
2206,17,-183.5
2207,9
2208,7
2209,9
2210,7
2211,19,23.053
2212,5,-248.49
2213,9,90.366
2214,10,-545.28
2215,9
2216,7
2217,8,611.75
2218,2,63.672
2219,2
2220,7
2221,3
2222,2,48.199
2223,11,-51.84
2224,0
2225,8,242.54
2226,4
2227,12,-253.15
2228,5
2229,9,468.78
2230,9
2231,4
2232,8,744.24
2233,9,247.24
2234,0
2235,7
2236,3
2237,5,72.352
2238,15,-208.89
2239,4
2240,13,580.04
2241,9,-491.55
2242,8
2243,11,673.02
2244,14,598.57
2245,7
2246,7
2247,4
2248,2
2249,2,-20.088
2250,16,368.06
2251,9
2252,4
2253,15,-331.92
2254,8
2255,13,364.94
2256,7
2257,7
2258,4,417.45
2259,9,-8.9486
2260,12,15.812
2261,2,-317.59
2262,7,401.05
2263,8,318.95
2264,11,-10.567
2265,7
2266,0
2267,17,-181.9
2268,0
2269,3,-117.33
2270,6
2271,5,405.1
2272,11,738.74
2273,16,667.51
2274,10,288.69
2275,13,126.88
2276,5
2277,5
2278,0
2279,0
2280,0
2281,0
2282,11,330.74
2283,3
2284,0
2285,3,90.128
2286,15,29.132
2287,14,172.31
2288,19,113.63
2289,16,155.11
2290,17,-456.19
2291,5
2292,6
2293,0
2294,5
2295,5,-170.44
2296,0
2297,6
2298,17,-173.66
2299,6,788.82
2300,7
2301,6
2302,4
2303,5,-146.42
2304,10,175.37
2305,7,35.445
2306,6,860.27
2307,16,744.65
2308,5
2309,8
2310,0
2311,3
2312,0
2313,10,28.368
2314,13,-32.013
2315,19,375.98
2316,7,-176.41
2317,3
2318,3
2319,5
2320,11,462.98
2321,3
2322,2
2323,7,-290.49
2324,14,258.74
2325,5
2326,0
2327,8,745.59
2328,6,522.85
2329,11,-155.63
2330,7
2331,15,443.94
2332,16,568.21
2333,5
2334,3
2335,0
2336,13,-57.269
2337,3
2338,5
2339,7
2340,14,62.819
2341,16,255.33
2342,6,497.79
2343,8,302.56
2344,2
2345,5,437.62
2346,5
2347,6
2348,2,-94.402
2349,6
2350,0
2351,3,520.42
2352,13,145.74
2353,3
2354,6
2355,2,282.35
2356,15,-462.22
2357,7
2358,0
2359,3
2360,18,261.8
2361,17,398.5
2362,19,308.47
2363,6,-12.534
2364,4
2365,7,54.827
2366,13,-55.931
2367,0
2368,10,-219.81
2369,0
2370,0
2371,11,296.14
2372,3,-261.03
2373,4
2374,16,709.03
2375,0
2376,0
2377,3
2378,5
2379,7
2380,2,148.07
2381,15,50.448
2382,5
2383,0
2384,3
2385,7,-93.913
2386,3,-212.27
2387,16,-261.88
2388,0
2389,8,315.53
2390,6
2391,9
2392,5,-160.54
2393,11,-314.02
2394,5
2395,15,460.73
2396,19,533.78
2397,17,224.14
2398,14,-473.94
2399,0
2400,2,-742.35
2401,13,130.04
2402,0
2403,0
2404,6,256.41
2405,16,-63.314
2406,5
2407,18,-404.57
2408,0
2409,10,-465.07
2410,13,239.08
2411,0
2412,0
2413,0
2414,13,641.29
2415,12,-47.788
2416,18,-33.603
2417,16,-1.4655
2418,0
2419,10,-114.86
2420,0
2421,0
2422,0
2423,0
2424,18,-259.36
2425,9
2426,0
2427,6,358.92
2428,0
2429,0
2430,0
2431,0
2432,15,-293.41
2433,6,759.36
2434,5
2435,0
2436,12,-177.02
2437,10,-17.586
2438,1
2439,11,70.169
2440,2
2441,2,264.04
2442,0
2443,7
2444,16,77.691
2445,10,9.5823
2446,13,185.19
2447,6,187.89
2448,2
2449,5
2450,0
2451,11,-17.488
2452,5
2453,18,-180.05
2454,0
2455,6,149.26
2456,0
2457,13,714.29
2458,0
2459,0
2460,6,686.88
2461,19,242.08
2462,11,598.35
2463,2,94.344
2464,13,840.16
2465,17,-405.64
2466,8,255.21
2467,0
2468,0
2469,14,195.78
2470,0
2471,10,-34.498
2472,8,374.97
2473,0
2474,18,168.49
2475,0
2476,0
2477,0
2478,17,-304.93
2479,9
2480,0
2481,0
2482,0
2483,8,159.66
2484,5
2485,18,489.56
2486,0
2487,5
2488,8,212.91
2489,1
2490,17,-453.52
2491,0
2492,0
2493,2,-781.53
2494,13,-190.42
2495,5
2496,11,-71.09
2497,2
2498,3,-129.13
2499,2
2500,8,-42.61
2501,0
2502,17,-446.38
2503,0
2504,5,564.12
2505,12,-127.51
2506,14,-353.64
2507,5
2508,10,-96.303
2509,16,260.43
2510,5
2511,0
2512,0
2513,6,-10.761
2514,0
2515,0
2516,0
2517,15,-211.96
2518,5,-322.99
2519,11,787.29
2520,0
2521,6
2522,8,258.52
2523,3,-211.0
2524,6
2525,2
2526,17,-236.31
2527,0
2528,3,176.7
2529,0
2530,12,187.49
2531,18,666.41
2532,16,420.69
2533,11,101.49
2534,5
2535,5
2536,0
2537,0
2538,0
2539,3,-77.834
2540,6,918.66
2541,10,-254.84
2542,11,134.57
2543,9
2544,4
2545,11,214.24
2546,2
2547,16,133.83
2548,19,411.94
2549,12,128.26
2550,18,636.86
2551,6
2552,2
2553,0
2554,0
2555,7
2556,0
2557,11,-76.594
2558,12,140.68
2559,5,106.74
2560,18,-42.98
2561,9
2562,16,364.94
2563,6,879.85
2564,7
2565,2
2566,0
2567,3
2568,0
2569,8,661.8
2570,14,158.49
2571,6,644.25
2572,13,273.38
2573,12,109.06
2574,19,45.568
2575,17,-139.34
2576,16,51.236
2577,0
2578,3
2579,18,-183.08
2580,5
2581,10,-239.89
2582,0
2583,5,-259.51
2584,5
2585,16,27.5
2586,5
2587,0
2588,17,63.659
2589,5
2590,2
2591,10,19.869
2592,17,-267.61
2593,0
2594,0
2595,4
2596,10,-287.72
2597,2
2598,12,-275.66
2599,2
2600,0
2601,5,250.46
2602,18,440.66
2603,0
2604,3
2605,3
2606,12,-247.61
2607,5,21.341
2608,0
2609,7
2610,18,468.07
2611,6,981.62
2612,13,-317.11
2613,0
2614,19,364.48
2615,16,-149.89
2616,0
2617,10,51.387
2618,5,-177.16
2619,17,-82.447
2620,0
2621,0
2622,0
2623,5,192.66
2624,17,-371.53
2625,0
2626,0
2627,3
2628,0
2629,0
2630,2
2631,18,-357.53
2632,5
2633,14,631.15
2634,5,531.21
2635,12,-321.14
2636,10,76.337
2637,0
2638,17,-335.24
2639,0
2640,0
2641,6,141.16
2642,10,214.98
2643,0
2644,7
2645,0
2646,7
2647,9
2648,3,306.43
2649,5,174.7
2650,9,-20.082
2651,7,146.2
2652,11,360.15
2653,14,317.82
2654,2,166.41
2655,6,271.57
2656,17,-50.323
2657,8,232.93
2658,13,-207.51
2659,2
2660,8
2661,15,128.29
2662,16,90.423
2663,19,-51.145
2664,4
2665,8
2666,12,-536.72
2667,7
2668,18,-105.63
2669,4
2670,19,-238.2
2671,4
2672,13,131.86
2673,4
2674,10,78.2
2675,4
2676,4
2677,2
2678,18,-203.32
2679,8,413.65
2680,0
2681,5
2682,16,129.93
2683,19,128.24
2684,13,-223.13
2685,2
2686,8
2687,0
2688,13,-30.113
2689,10,-249.52
2690,4
2691,5
2692,4
2693,8,50.065
2694,17,-70.14
2695,19,282.65
2696,16,344.97
2697,18,-19.819
2698,2
2699,2
2700,7
2701,6
2702,2
2703,12,75.268
2704,13,-138.16
2705,18,-131.63
2706,5
2707,17,-287.32
2708,2
2709,0
2710,10,8.984
2711,18,91.583
2712,16,51.364
2713,17,-336.58
2714,6
2715,19,-128.09
2716,8
2717,8
2718,19,138.74
2719,2
2720,8
2721,19,19.004
2722,2
2723,15,209.31
2724,17,-92.043
2725,8
2726,6
2727,2
2728,16,484.03
2729,18,-282.91
2730,5
2731,15,-340.89
2732,6
2733,19,248.56
2734,17,-156.35
2735,6
2736,6
2737,4
2738,7
2739,19,100.77
2740,17,132.21
2741,16,-123.76
2742,3
2743,13,715.62
2744,10,615.57
2745,15,-142.03
2746,18,311.85
2747,2
2748,2
2749,18,58.079
2750,2
2751,2
2752,0
2753,9
2754,7
2755,15,-165.25
2756,18,-7.714
2757,8
2758,6
2759,4
2760,19,261.23
2761,13,-368.18
2762,12,12.817
2763,16,144.81
2764,2
2765,5
2766,16,-100.36
2767,8
2768,8,118.61
2769,2
2770,0
2771,8,434.07
2772,6,881.37
2773,12,-66.722
2774,17,-287.46
2775,10,160.85
2776,16,292.59
2777,8
2778,8
2779,5
2780,10,-165.01
2781,8
2782,16,87.402
2783,8
2784,5
2785,10,-2.1039
2786,18,96.639
2787,16,215.58
2788,15,-352.96
2789,17,-398.31
2790,5
2791,8
2792,17,194.11
2793,5
2794,8
2795,8
2796,15,268.98
2797,16,-212.51
2798,0
2799,5
2800,9
2801,17,-79.466
2802,2
2803,0
2804,10,-310.54
2805,8
2806,12,-127.84
2807,5
2808,2
2809,15,-1.2337
2810,12,335.3
2811,16,-417.99
2812,5
2813,10,338.21
2814,18,643.89
2815,6,163.38
2816,4
2817,17,-47.492
2818,8
2819,8
2820,6
2821,6
2822,3
2823,18,108.85
2824,16,-107.02
2825,6,97.258
2826,5
2827,12,9.4601
2828,8
2829,8
2830,6,464.23
2831,10,-178.39
2832,12,275.05
2833,9
2834,8
2835,8
2836,3
2837,12,-98.153
2838,8
2839,17,-188.12
2840,9
2841,3
2842,8,491.69
2843,17,-20.934
2844,13,99.825
2845,5
2846,12,-66.763
2847,6,427.49
2848,8
2849,5
2850,6,343.25
2851,5
2852,5
2853,5
2854,12,189.64
2855,6,764.8
2856,18,-495.94
2857,5
2858,15,195.49
2859,17,-453.62
2860,5
2861,16,253.59
2862,8
2863,8
2864,3
2865,17,-202.93
2866,5
2867,0
2868,10,-246.6
2869,6,533.94
2870,5
2871,5
2872,0
2873,13,67.011
2874,10,-152.02
2875,19,-46.242
2876,2
2877,2,561.58
2878,8
2879,2
2880,17,-236.28
2881,15,-272.29
2882,2
2883,16,-52.133
2884,6
2885,12,-62.784
2886,8
2887,0
2888,12,-283.0
2889,9
2890,18,552.91
2891,0
2892,2
2893,6,395.85
2894,4
2895,10,-44.24
2896,8
2897,15,-123.44
2898,8,369.29
2899,0
2900,2
2901,12,138.63
2902,6
2903,0
2904,2,266.4
2905,6,377.01
2906,18,-78.409
2907,12,-7.8104
2908,17,-102.85
2909,8
2910,5
2911,16,56.436
2912,8
2913,2
2914,16,97.243
2915,17,-38.42
2916,2
2917,6
2918,8,515.27
2919,2
2920,4
2921,12,257.31
2922,13,-265.09
2923,14,36.231
2924,5
2925,17,-244.94
2926,8
2927,6
2928,15,-504.8
2929,8
2930,14,680.73
2931,16,697.47
2932,17,-619.03
2933,0
2934,10,-394.72
2935,6
2936,18,-308.05
2937,6
2938,19,-84.24
2939,8,356.92
2940,6
2941,6
2942,8,604.97
2943,6
2944,6
2945,0
2946,0
2947,2
2948,19,273.25
2949,15,126.71
2950,8,601.79
2951,16,-324.89
2952,5
2953,6,211.98
2954,8
2955,13,78.007
2956,14,246.56
2957,10,105.76
2958,18,436.48
2959,12,-284.38
2960,8
2961,17,-95.746
2962,5
2963,8
2964,2
2965,3
2966,6
2967,8
2968,12,-172.21
2969,8
2970,14,40.6
2971,8
2972,8
2973,12,32.184
2974,6
2975,3
2976,8,949.24
2977,17,-183.97
2978,10,-647.72
2979,8
2980,14,176.48
2981,5
2982,5
2983,6
2984,8
2985,2,77.098
2986,12,-82.785
2987,19,72.291
2988,15,15.276
2989,14,-14.652
2990,10,-237.76
2991,8
2992,5
2993,6
2994,6,289.28
2995,4
2996,8,898.19
2997,3
2998,6
2999,8,597.69
3000,16,391.02
3001,11,-76.845
3002,4
3003,18,-248.68
3004,5
3005,2
3006,3
3007,6
3008,10,544.58
3009,11,-151.58
3010,2
3011,8,1085.1
3012,14,920.97
3013,19,326.19
3014,17,403.05
3015,16,378.61
3016,15,257.43
3017,6,794.05
3018,18,-398.84
3019,13,-156.66
3020,6
3021,2
3022,13,47.624
3023,2
3024,2
3025,13,328.74
3026,18,-163.55
3027,2
3028,2
3029,2
3030,2
3031,6,170.63
3032,0
3033,15,-174.71
3034,2
3035,2
3036,2
3037,3
3038,0
3039,4
3040,3
3041,8,354.39
3042,19,85.202
3043,14,552.08
3044,6,131.39
3045,3
3046,10,234.06
3047,12,-148.85
3048,8
3049,2
3050,0
3051,0
3052,17,-240.58
3053,5
3054,2
3055,6,63.591
3056,10,-318.71
3057,9
3058,4
3059,18,175.18
3060,19,349.24
3061,11,590.52
3062,13,310.37
3063,15,-326.21
3064,8
3065,12,-270.97
3066,3
3067,17,-627.19
3068,4
3069,16,140.33
3070,14,-116.63
3071,3
3072,3
3073,14,-239.63
3074,2
3075,10,8.2419
3076,3
3077,3
3078,9
3079,2
3080,5
3081,15,411.79
3082,12,121.47
3083,14,-32.906
3084,3
3085,19,-87.377
3086,0
3087,8
3088,2
3089,9
3090,12,-265.96
3091,6,-38.959
3092,15,-15.602
3093,4
3094,10,-245.34
3095,2
3096,18,-54.164
3097,5
3098,1
3099,11,468.75
3100,18,-86.532
3101,13,-6.3282
3102,16,123.41
3103,8
3104,19,-313.71
3105,8
3106,8,458.41
3107,2
3108,10,-241.98
3109,0
3110,5
3111,8,156.33
3112,2
3113,15,-311.42
3114,8
3115,7,-202.32
3116,6
3117,10,-314.35
3118,1
3119,3
3120,15,-308.49
3121,2,-335.08
3122,2
3123,10,-343.04
3124,2
3125,8
3126,19,-179.06
3127,10,-138.65
3128,2,13.395
3129,2
3130,3
3131,8
3132,8,122.08
3133,2
3134,2,-662.45
3135,17,-124.28
3136,1
3137,8
3138,17,-296.26
3139,2
3140,13,-191.7
3141,0
3142,7,-92.965
3143,14,153.21
3144,16,274.63
3145,10,-472.0
3146,2
3147,2
3148,2
3149,2
3150,16,293.37
3151,14,-120.99
3152,10,-239.49
3153,2
3154,1
3155,10,-221.18
3156,2
3157,2
3158,8
3159,2,-518.94
3160,8,466.38
3161,13,221.32
3162,2
3163,6
3164,13,141.08
3165,5
3166,6
3167,8,124.24
3168,2
3169,15,-549.79
3170,8
3171,19,124.35
3172,14,-236.27
3173,6
3174,10,314.83
3175,6
3176,6
3177,18,-198.29
3178,0
3179,7,-250.43
3180,8
3181,6
3182,2,164.46
3183,7,-400.2
3184,13,133.62
3185,6,656.48
3186,10,65.45
3187,14,112.58
3188,5
3189,0
3190,6
3191,18,25.135
3192,0
3193,2
3194,14,413.45
3195,17,-70.254
3196,15,-223.76
3197,19,157.71
3198,2
3199,6,1151.0
3200,6
3201,0
3202,8,80.76
3203,2
3204,6
3205,8
3206,8
3207,19,159.49
3208,8,411.88
3209,14,763.63
3210,18,-456.28
3211,2
3212,11,355.98
3213,17,668.22
3214,15,612.56
3215,16,651.82
3216,13,-91.223
3217,6,99.014
3218,10,-87.775
3219,2
3220,2
3221,10,-175.6
3222,2
3223,2
3224,10,-421.9
3225,6,-92.277
3226,2
3227,2
3228,6,220.83
3229,2
3230,2
3231,2
3232,2
3233,7
3234,6,813.3
3235,15,-72.212
3236,13,328.93
3237,10,88.505
3238,2
3239,16,207.91
3240,2
3241,2
3242,10,-164.48
3243,16,153.12
3244,2
3245,2
3246,0
3247,17,-187.93
3248,16,-1.4039
3249,10,-112.83
3250,3
3251,13,35.444
3252,2
3253,2
3254,10,332.01
3255,13,129.22
3256,2
3257,2
3258,2
3259,10,100.21
3260,16,-145.42
3261,6
3262,13,-67.072
3263,2
3264,2
3265,2
3266,13,444.22
3267,17,-152.68
3268,10,-129.12
3269,6
3270,16,119.5
3271,15,-376.39
3272,2
3273,1
3274,2
3275,16,617.02
3276,10,50.208
3277,15,100.4
3278,2
3279,0
3280,2
3281,0
3282,6
3283,0
3284,18,-212.51
3285,15,-184.15
3286,13,-39.495
3287,16,469.42
3288,6,479.26
3289,5
3290,2
3291,0
3292,17,116.47
3293,2
3294,6
3295,6,1067.2
3296,14,-70.84
3297,11,-46.248
3298,8
3299,10,157.84
3300,16,483.17
3301,13,204.09
3302,2
3303,17,123.32
3304,2
3305,2
3306,2
3307,2
3308,13,102.54
3309,10,33.303
3310,16,233.73
3311,11,81.005
3312,0
3313,17,454.65
3314,2
3315,2
3316,17,-434.81
3317,6
3318,2
3319,0
3320,6
3321,0
3322,6,380.17
3323,15,-144.84
3324,10,-288.83
3325,16,173.06
3326,5
3327,13,-137.74
3328,5
3329,2
3330,14,-2.9343
3331,13,273.73
3332,11,524.71
3333,16,565.62
3334,5
3335,6
3336,6
3337,3
3338,16,158.88
3339,8
3340,13,-72.542
3341,5
3342,17,278.78
3343,4
3344,0
3345,14,124.72
3346,11,-272.1
3347,1
3348,13,263.79
3349,16,170.18
3350,10,63.726
3351,17,-179.44
3352,2
3353,2
3354,17,98.236
3355,2
3356,1
3357,17,265.16
3358,10,-223.13
3359,2
3360,2
3361,2
3362,2
3363,17,-251.31
3364,4
3365,13,-311.35
3366,3
3367,16,217.53
3368,10,-92.732
3369,2
3370,2
3371,11,355.07
3372,2
3373,2
3374,11,717.41
3375,14,276.13
3376,17,-432.06
3377,13,-58.997
3378,10,-28.554
3379,2
3380,2
3381,6
3382,15,643.93
3383,16,-55.598
3384,10,-560.28
3385,8
3386,13,-227.59
3387,2
3388,2
3389,13,-376.74
3390,2
3391,10,-189.71
3392,2
3393,2
3394,2
3395,16,-47.624
3396,15,40.137
3397,17,-40.531
3398,2
3399,2
3400,0
3401,15,100.43
3402,13,99.459
3403,17,-238.19
3404,3
3405,0
3406,10,-297.7
3407,1
3408,17,-37.388
3409,2
3410,2
3411,3
3412,16,84.58
3413,10,-355.02
3414,8
3415,6
3416,2
3417,14,51.108
3418,8,684.02
3419,18,-240.62
3420,13,-81.521
3421,5
3422,15,-190.23
3423,5
3424,17,-406.62
3425,5
3426,10,6.9908
3427,2
3428,3
3429,16,-203.95
3430,6
3431,10,368.61
3432,11,349.03
3433,15,-672.82
3434,5
3435,13,188.19
3436,6,-34.156
3437,4
3438,17,-1.9269
3439,2
3440,2
3441,17,522.9
3442,6,789.71
3443,2
3444,2
3445,2
3446,6,718.18
3447,2
3448,6
3449,1
3450,6,541.47
3451,15,203.09
3452,10,-410.8
3453,0
3454,13,-84.186
3455,6
3456,11,449.94
3457,16,510.16
3458,6
3459,4
3460,2
3461,2
3462,17,-95.855
3463,8
3464,11,-110.34
3465,3
3466,18,411.23
3467,2
3468,6
3469,8,157.51
3470,10,-363.66
3471,2
3472,15,63.599
3473,6,1175.5
3474,11,455.56
3475,16,413.55
3476,18,254.17
3477,2
3478,2
3479,0
3480,0
3481,6
3482,7
3483,16,174.82
3484,6,162.06
3485,10,269.74
3486,1
3487,1
3488,10,84.759
3489,15,148.22
3490,17,-369.05
3491,6
3492,18,197.79
3493,6
3494,11,218.76
3495,2
3496,6
3497,2
3498,2
3499,18,-261.89
3500,6
3501,6,683.53
3502,10,-514.66
3503,2
3504,17,-483.9
3505,3
3506,11,220.68
3507,13,-79.548
3508,4
3509,4
3510,4
3511,11,683.01
3512,10,139.18
3513,7
3514,5
3515,4
3516,6,723.94
3517,15,-240.45
3518,13,-195.06
3519,7,-184.26
3520,0
3521,2
3522,19,118.2
3523,14,334.64
3524,7,159.21
3525,8,257.04
3526,10,-89.321
3527,11,83.673
3528,5
3529,8
3530,8
3531,10,-610.23
3532,5
3533,11,495.38
3534,16,404.36
3535,18,97.787
3536,17,-186.47
3537,8
3538,8
3539,8
3540,8
3541,0
3542,4
3543,2
3544,7,-258.52
3545,5
3546,8
3547,17,-23.799
3548,7,64.749
3549,8,248.99
3550,2
3551,13,386.89
3552,18,17.664
3553,19,229.21
3554,11,417.47
3555,14,105.47
3556,8
3557,8
3558,5
3559,5
3560,16,178.53
3561,14,128.66
3562,8
3563,2
3564,11,-72.592
3565,8
3566,14,79.325
3567,3
3568,3
3569,9
3570,10,-174.24
3571,14,164.44
3572,16,191.99
3573,9
3574,3
3575,4
3576,8,543.91
3577,18,12.704
3578,9
3579,2
3580,4
3581,8,431.37
3582,14,55.144
3583,19,6.2306
3584,3
3585,7
3586,13,138.61
3587,2
3588,9
3589,16,-158.47
3590,2
3591,7,158.2
3592,10,-93.124
3593,13,-175.28
3594,8
3595,3
3596,9
3597,9
3598,18,34.881
3599,15,-392.17
3600,2
3601,13,147.17
3602,8,940.74
3603,17,-9.3848
3604,11,528.76
3605,10,270.71
3606,0
3607,0
3608,2
3609,0
3610,8
3611,2
3612,11,427.64
3613,19,184.98
3614,10,-507.94
3615,2
3616,13,-383.61
3617,0
3618,15,-615.47
3619,6
3620,16,339.09
3621,14,510.17
3622,7,-358.62
3623,2
3624,17,-314.79
3625,8,743.66
3626,2
3627,2
3628,2
3629,0
3630,8,586.07
3631,2
3632,3
3633,7
3634,13,255.07
3635,1
3636,8
3637,2,57.477
3638,13,-114.71
3639,17,-62.301
3640,16,190.45
3641,19,-134.75
3642,15,-241.81
3643,2
3644,14,325.41
3645,6,1274.1
3646,6
3647,3
3648,0
3649,7,191.91
3650,6,1088.5
3651,12,-125.76
3652,8,274.02
3653,1
3654,15,-133.46
3655,6
3656,6
3657,6
3658,3
3659,10,-24.937
3660,6
3661,0
3662,9,185.52
3663,10,51.983
3664,12,-137.81
3665,1
3666,6
3667,14,111.72
3668,2
3669,0
3670,7,45.923
3671,15,50.844
3672,2
3673,4
3674,6,1204.8
3675,4
3676,3
3677,10,-186.74
3678,8,332.82
3679,4
3680,15,-449.37
3681,5
3682,7,-317.51
3683,6
3684,2
3685,11,53.403
3686,14,-10.755
3687,2
3688,7,190.22
3689,0
3690,6
3691,7,-20.762
3692,6
3693,19,28.339
3694,12,-37.053
3695,5
3696,2
3697,6
3698,11,178.03
3699,17,375.52
3700,16,489.62
3701,6,1005.0
3702,14,-330.81
3703,3
3704,7,654.24
3705,10,515.91
3706,8,1346.0
3707,19,566.99
3708,12,-126.29
3709,18,164.37
3710,15,-119.28
3711,9,-56.938
3712,0
3713,6
3714,9,357.67
3715,6
3716,2
3717,15,-232.79
3718,9,-20.656
3719,6
3720,6
3721,9,-75.433
3722,6
3723,6
3724,18,567.32
3725,9,146.46
3726,15,24.232
3727,6
3728,6
3729,15,259.41
3730,6
3731,6
3732,6
3733,6
3734,4
3735,0
3736,3
3737,7,63.367
3738,12,-260.41
3739,1
3740,9,588.17
3741,6
3742,2
3743,15,102.17
3744,19,-98.663
3745,0
3746,3
3747,5
3748,19,125.99
3749,4
3750,6
3751,8,501.49
3752,6
3753,2
3754,10,-200.06
3755,17,-69.014
3756,7,-115.75
3757,16,89.141
3758,6
3759,12,-152.13
3760,14,-202.47
3761,2
3762,1
3763,4
3764,14,-109.25
3765,2
3766,6,350.0
3767,2
3768,19,-310.9
3769,8
3770,6
3771,8,269.76
3772,1
3773,6,-72.699
3774,8
3775,7,187.85
3776,2
3777,6
3778,7,151.49
3779,9,274.01
3780,8,133.4
3781,12,-272.11
3782,17,-228.19
3783,5
3784,8
3785,19,-179.63
3786,1
3787,6,385.68
3788,0
3789,6
3790,6,97.567
3791,2
3792,14,-445.28
3793,1
3794,12,565.34
3795,19,-348.26
3796,6
3797,15,-323.04
3798,6
3799,16,-259.58
3800,6
3801,18,-74.752
3802,17,24.954
3803,6
3804,6
3805,6
3806,4
3807,17,-84.577
3808,6,489.35
3809,4
3810,12,-236.38
3811,1
3812,6
3813,2
3814,8,716.1
3815,12,-227.36
3816,5
3817,17,-25.286
3818,19,387.09
3819,18,36.546
3820,9,-255.35
3821,2
3822,3
3823,3
3824,6
3825,2
3826,19,-10.706
3827,2
3828,6
3829,8,399.04
3830,9,119.49
3831,15,-182.58
3832,11,-137.71
3833,0
3834,19,-224.41
3835,3
3836,17,148.92
3837,13,-298.54
3838,2
3839,5
3840,6
3841,7,-208.71
3842,10,78.962
3843,19,110.76
3844,6
3845,5
3846,12,50.623
3847,6
3848,6
3849,11,33.413
3850,10,172.89
3851,13,209.74
3852,3
3853,5
3854,0
3855,17,-96.699
3856,19,-53.041
3857,8
3858,5
3859,6
3860,12,-201.64
3861,11,92.731
3862,3
3863,1
3864,10,-32.202
3865,6,230.73
3866,5
3867,3
3868,9
3869,10,60.026
3870,13,193.0
3871,14,-152.13
3872,6,1455.6
3873,15,-259.13
3874,18,143.62
3875,3
3876,8
3877,17,383.62
3878,3
3879,2
3880,2
3881,12,-5.3082
3882,9,-38.215
3883,19,97.685
3884,16,143.5
3885,3
3886,8
3887,17,-132.25
3888,11,-193.53
3889,7
3890,16,78.947
3891,8
3892,8
3893,6
3894,16,365.65
3895,17,-290.87
3896,8
3897,2
3898,3
3899,18,-146.89
3900,5
3901,16,-149.13
3902,2
3903,3
3904,18,52.124
3905,7,-58.832
3906,5
3907,4
3908,14,-286.71
3909,1
3910,15,8.2291
3911,8
3912,3
3913,11,-124.5
3914,0
3915,6,959.97
3916,7,411.24
3917,18,595.88
3918,6
3919,0
3920,3
3921,3
3922,7,-47.713
3923,12,-102.62
3924,5,128.74
3925,14,-62.34
3926,9,-190.51
3927,19,336.06
3928,18,-67.327
3929,11,-115.63
3930,2,294.37
3931,17,-409.8
3932,4
3933,9
3934,8
3935,13,297.25
3936,2,264.83
3937,4
3938,8
3939,8,274.48
3940,8
3941,10,268.6
3942,9
3943,4
3944,2,-864.62
3945,15,-51.664
3946,17,49.326
3947,4
3948,5
3949,8
3950,11,-214.58
3951,7
3952,15,322.31
3953,13,-121.72
3954,3
3955,16,67.023
3956,6,335.96
3957,4
3958,5
3959,17,-410.48
3960,7
3961,8,853.74
3962,6,448.52
3963,4
3964,4
3965,4
3966,3
3967,2,116.99
3968,8
3969,11,-219.94
3970,8
3971,5
3972,11,-236.08
3973,19,10.144
3974,13,2.8685
3975,6,684.04
3976,17,-167.47
3977,7
3978,8
3979,2
3980,2,-140.67
3981,17,222.84
3982,18,23.209
3983,7
3984,10,-166.01
3985,7
3986,7
3987,8
3988,8
3989,6,530.05
3990,8,715.39
3991,17,-420.75
3992,3
3993,15,343.13
3994,8
3995,2
3996,5
3997,8,664.29
3998,17,207.13
3999,2
4000,0
4001,8
4002,15,-374.9
4003,16,239.92
4004,6,957.07
4005,5
4006,2
4007,18,36.832
4008,2,-326.36
4009,2
4010,8
4011,5
4012,10,175.8
4013,6,777.41
4014,13,458.61
4015,17,-579.88
4016,2
4017,2,-942.8
4018,16,518.15
4019,8
4020,5
4021,16,-101.22
4022,8,361.84
4023,2
4024,18,-77.65
4025,5
4026,8
4027,19,-36.504
4028,18,-30.501
4029,8,20.55
4030,7
4031,8
4032,8,264.88
4033,8
4034,8
4035,8,-253.03
4036,2
4037,18,249.07
4038,8
4039,8
4040,19,227.28
4041,3
4042,5
4043,8,1208.1
4044,16,362.3
4045,2,359.28
4046,13,-85.228
4047,5
4048,2
4049,5
4050,8
4051,0
4052,8,462.43
4053,6,896.78
4054,13,37.923
4055,8
4056,2
4057,5
4058,2,-463.03
4059,7
4060,4
4061,18,286.53
4062,2,558.83
4063,8,1083.2
4064,9,-351.62
4065,13,47.03
4066,11,577.88
4067,6,602.42
4068,8
4069,9
4070,5
4071,19,213.32
4072,10,-49.471
4073,8
4074,4
4075,5
4076,16,-177.67
4077,10,327.35
4078,13,-180.39
4079,17,-2.914
4080,19,72.879
4081,2
4082,8
4083,8
4084,17,230.48
4085,19,-100.17
4086,2
4087,6,683.23
4088,8
4089,8
4090,9
4091,2
4092,13,296.02
4093,10,486.83
4094,6,1094.9
4095,11,-272.72
4096,17,-101.05
4097,19,-446.2
4098,7
4099,15,-262.24
4100,8
4101,8
4102,19,-237.26
4103,5
4104,15,63.375
4105,8
4106,5
4107,17,627.02
4108,19,684.85
4109,15,155.49
4110,8
4111,8
4112,5
4113,0
4114,11,134.77
4115,17,155.23
4116,15,-190.28
4117,2
4118,8
4119,0
4120,8
4121,2
4122,15,66.541
4123,19,343.09
4124,11,713.14
4125,6,867.18
4126,10,514.09
4127,17,-441.14
4128,8
4129,8
4130,2
4131,17,5.0598
4132,10,-394.39
4133,5
4134,8
4135,7
4136,3
4137,10,-96.892
4138,6,836.83
4139,8
4140,2
4141,5
4142,19,145.67
4143,11,733.34
4144,10,243.46
4145,6,940.32
4146,17,105.23
4147,3
4148,8
4149,7
4150,2
4151,8
4152,10,7.3663
4153,8
4154,5
4155,11,265.08
4156,13,-300.6
4157,0
4158,19,401.4
4159,9,-322.66
4160,4
4161,10,135.65
4162,17,435.26
4163,8
4164,5
4165,7
4166,5
4167,15,-296.51
4168,5
4169,9,-199.86
4170,3
4171,16,171.52
4172,9
4173,0
4174,19,391.63
4175,9,-439.08
4176,8,724.09
4177,5
4178,3
4179,15,330.11
4180,8,475.57
4181,5
4182,13,-262.81
4183,3
4184,6,300.91
4185,9
4186,11,342.37
4187,8
4188,3
4189,3
4190,10,-365.92
4191,3
4192,5
4193,2,-486.23
4194,19,-162.41
4195,5
4196,13,325.85
4197,15,-365.82
4198,5
4199,17,-456.83
4200,2
4201,6,-123.32
4202,1
4203,10,321.48
4204,8
4205,7
4206,0
4207,8,164.42
4208,15,108.24
4209,17,1.9459
4210,2
4211,3
4212,10,-39.556
4213,3
4214,2
4215,15,-404.7
4216,5
4217,16,-17.042
4218,9,246.16
4219,2
4220,2
4221,19,45.635
4222,9,517.65
4223,11,-61.007
4224,7
4225,13,-61.1
4226,2
4227,3
4228,8
4229,9,-75.667
4230,5
4231,6,577.43
4232,13,481.15
4233,17,30.074
4234,8
4235,0
4236,3
4237,7
4238,11,298.62
4239,2,-99.675
4240,14,372.12
4241,16,6.348
4242,10,-183.36
4243,18,-39.779
4244,1
4245,9,-12.415
4246,1
4247,17,-544.45
4248,5
4249,6
4250,15,183.02
4251,19,-94.455
4252,8,386.61
4253,8
4254,5
4255,6,326.95
4256,6
4257,13,-125.28
4258,0
4259,8,313.85
4260,8
4261,8
4262,6
4263,18,207.02
4264,6,1051.6
4265,9,558.88
4266,10,-378.55
4267,1
4268,13,438.06
4269,19,-281.16
4270,5
4271,17,-409.24
4272,5
4273,15,-309.45
4274,8
4275,8
4276,5
4277,5
4278,1
4279,17,186.58
4280,5
4281,0
4282,13,76.212
4283,17,-229.09
4284,8
4285,0
4286,6
4287,8,288.13
4288,19,-260.77
4289,18,-4.6105
4290,8
4291,1
4292,10,-368.21
4293,1
4294,13,72.382
4295,6,413.66
4296,9,-429.5
4297,3
4298,5
4299,9,-291.7
4300,3
4301,1
4302,18,-402.99
4303,9
4304,9,210.16
4305,6,580.05
4306,5
4307,5
4308,6,544.46
4309,17,-253.08
4310,6
4311,5
4312,5
4313,9,-154.39
4314,10,-46.371
4315,13,539.17
4316,19,-45.245
4317,0
4318,3
4319,5
4320,19,100.68
4321,14,191.55
4322,3
4323,0
4324,5
4325,6,389.74
4326,18,-6.5292
4327,14,92.399
4328,9
4329,8
4330,16,-101.52
4331,6
4332,10,-374.15
4333,3
4334,15,96.997
4335,5
4336,5
4337,17,121.94
4338,14,-60.376
4339,10,-314.27
4340,15,-19.009
4341,13,338.53
4342,8
4343,5
4344,1
4345,1
4346,15,46.069
4347,16,-20.111
4348,5
4349,18,164.46
4350,8
4351,8
4352,1
4353,3
4354,10,-203.26
4355,16,233.61
4356,2,-348.17
4357,6
4358,6,649.62
4359,4
4360,1
4361,17,-27.834
4362,2,515.47
4363,1
4364,8
4365,3
4366,15,-294.82
4367,14,382.7
4368,5
4369,8
4370,2,-45.583
4371,9,30.383
4372,14,6.8357
4373,5
4374,8
4375,17,-353.77
4376,1
4377,8,747.94
4378,8
4379,9
4380,14,-122.62
4381,18,-172.96
4382,9
4383,4
4384,19,-64.554
4385,3
4386,9,-38.039
4387,5
4388,4
4389,5,-127.48
4390,19,369.82
4391,9,-221.34
4392,2,34.979
4393,17,-163.86
4394,6,129.77
4395,11,41.75
4396,9
4397,4
4398,14,146.11
4399,18,249.09
4400,10,359.53
4401,15,-327.6
4402,8
4403,8,254.74
4404,11,-143.79
4405,9
4406,13,165.63
4407,9
4408,9
4409,11,116.89
4410,9
4411,13,200.8
4412,9
4413,9
4414,4
4415,10,152.1
4416,9
4417,7
4418,8
4419,10,91.841
4420,14,191.11
4421,15,-158.77
4422,2
4423,8,211.2
4424,13,60.975
4425,3
4426,7
4427,6,296.83
4428,4
4429,13,318.26
4430,9
4431,18,-186.84
4432,9
4433,7
4434,8,953.2
4435,8
4436,7
4437,6,571.22
4438,13,213.2
4439,9
4440,4
4441,9
4442,17,86.942
4443,8,-6.4945
4444,2
4445,18,136.74
4446,14,106.66
4447,11,577.29
4448,16,188.93
4449,13,-80.218
4450,8
4451,6,673.58
4452,15,16.952
4453,5
4454,3
4455,8
4456,13,-138.2
4457,15,413.38
4458,6,507.41
4459,3
4460,5
4461,8
4462,6,816.26
4463,10,149.61
4464,15,56.719
4465,8
4466,8
4467,3
4468,3
4469,8
4470,6,800.73
4471,10,-738.88
4472,5
4473,13,329.36
4474,8
4475,8
4476,0
4477,15,210.38
4478,5
4479,3
4480,15,248.52
4481,13,-164.41
4482,0
4483,5
4484,3
4485,17,-91.543
4486,6,754.14
4487,14,-97.1
4488,2,-28.292
4489,11,-93.419
4490,15,-54.282
4491,2
4492,16,256.7
4493,8,951.06
4494,7
4495,9
4496,2
4497,18,237.92
4498,13,105.99
4499,2
4500,2
4501,3
4502,16,186.98
4503,13,-39.707
4504,0
4505,15,83.467
4506,10,-73.607
4507,5
4508,8
4509,3
4510,18,40.751
4511,13,40.194
4512,0
4513,10,100.89
4514,8
4515,5
4516,3
4517,10,284.46
4518,18,230.44
4519,2,460.35
4520,8,189.7
4521,13,191.17
4522,11,-110.12
4523,15,176.31
4524,16,180.78
4525,8
4526,2
4527,0
4528,16,-83.878
4529,2
4530,15,-184.49
4531,8
4532,8
4533,15,26.924
4534,11,96.044
4535,5
4536,8
4537,11,-92.068
4538,7
4539,16,300.97
4540,3
4541,0
4542,16,-292.4
4543,5
4544,13,-485.97
4545,0
4546,11,-451.18
4547,0
4548,15,-297.26
4549,8
4550,8
4551,15,31.381
4552,8,504.75
4553,13,247.96
4554,8
4555,5
4556,13,-360.18
4557,2
4558,11,-112.71
4559,3
4560,16,-35.142
4561,8
4562,8
4563,16,-250.31
4564,5
4565,3
4566,15,-74.973
4567,8,335.44
4568,2,491.12
4569,2
4570,3
4571,5
4572,8,245.22
4573,2,-658.07
4574,8
4575,11,293.59
4576,3
4577,1
4578,2,365.43
4579,11,-12.591
4580,7
4581,13,436.97
4582,16,-60.522
4583,8
4584,8
4585,3
4586,3
4587,15,-60.425
4588,8,520.83
4589,18,-22.874
4590,8
4591,11,-120.22
4592,3
4593,2
4594,4
4595,18,103.47
4596,13,133.43
4597,0
4598,8
4599,11,74.187
4600,2
4601,8
4602,18,57.881
4603,8,199.26
4604,11,152.49
4605,15,-38.71
4606,2
4607,2
4608,8
4609,13,159.26
4610,10,103.89
4611,2,-664.88
4612,1
4613,15,-191.43
4614,8
4615,16,128.39
4616,0
4617,2
4618,16,336.15
4619,0
4620,8
4621,2,-376.75
4622,11,-62.464
4623,7
4624,0
4625,10,-497.21
4626,3
4627,14,419.1
4628,15,132.57
4629,16,261.62
4630,11,138.36
4631,8
4632,8
4633,8
4634,2
4635,2
4636,15,-29.373
4637,8,951.33
4638,2,-325.55
4639,11,254.19
4640,2
4641,8
4642,11,197.93
4643,16,591.95
4644,2
4645,8
4646,14,284.28
4647,13,238.73
4648,2
4649,2
4650,8
4651,8
4652,11,-121.62
4653,8,321.11
4654,2
4655,7
4656,14,-31.437
4657,2
4658,13,125.55
4659,8
4660,7
4661,13,-215.45
4662,10,-60.814
4663,16,-23.133
4664,2
4665,18,-394.02
4666,0
4667,14,168.26
4668,2,627.14
4669,8
4670,5
4671,11,-97.327
4672,0
4673,8
4674,16,-125.77
4675,2
4676,8,841.48
4677,6,299.3
4678,0
4679,0
4680,0
4681,11,281.45
4682,2,138.2
4683,6,622.98
4684,10,-331.55
4685,8,-36.69
4686,2
4687,14,505.36
4688,18,245.34
4689,15,151.55
4690,8
4691,16,89.876
4692,8
4693,8
4694,8
4695,3
4696,15,-49.768
4697,14,423.82
4698,18,102.08
4699,8,861.36
4700,16,377.71
4701,8
4702,8
4703,3
4704,8,549.22
4705,5
4706,8
4707,0
4708,14,59.605
4709,18,-103.81
4710,8
4711,8,346.79
4712,16,87.872
4713,7
4714,7
4715,7
4716,18,249.83
4717,16,375.27
4718,8,703.0
4719,8
4720,7
4721,0
4722,3
4723,15,-40.788
4724,18,5.8698
4725,14,359.95
4726,8
4727,0
4728,8,386.28
4729,14,-0.93476
4730,7
4731,2
4732,5
4733,10,323.96
4734,8,-52.192
4735,2
4736,18,-16.849
4737,16,88.567
4738,8
4739,7
4740,16,-20.584
4741,2
4742,14,300.39
4743,7
4744,7
4745,2
4746,18,-3.8403
4747,14,274.38
4748,10,-80.016
4749,16,186.48
4750,15,-158.53
4751,5
4752,8,173.12
4753,3
4754,6,135.79
4755,8
4756,8
4757,6,93.697
4758,5
4759,3
4760,15,81.129
4761,6,288.63
4762,8
4763,8
4764,8
4765,8,604.65
4766,10,-147.48
4767,8
4768,6,273.71
4769,2
4770,16,272.92
4771,0
4772,0
4773,2
4774,15,-219.96
4775,6,397.99
4776,16,537.51
4777,5
4778,3
4779,3
4780,6,845.35
4781,16,410.75
4782,10,304.45
4783,8,1095.5
4784,14,-61.166
4785,3
4786,3
4787,3
4788,8
4789,5
4790,2
4791,8,378.77
4792,15,-214.03
4793,8
4794,6,978.37
4795,2,-853.39
4796,0
4797,10,278.94
4798,14,-200.19
4799,2
4800,16,-19.779
4801,18,137.34
4802,3
4803,3
4804,18,13.472
4805,3
4806,3
4807,0
4808,7
4809,15,-478.61
4810,5
4811,6,599.86
4812,2,-243.99
4813,18,398.41
4814,16,-18.623
4815,3
4816,8
4817,0
4818,3
4819,10,123.13
4820,16,3.3284
4821,9
4822,14,-16.775
4823,0
4824,2,-491.26
4825,0
4826,3
4827,0
4828,2,32.641
4829,9,534.49
4830,15,-59.549
4831,11,-248.19
4832,2
4833,8
4834,5
4835,6
4836,6,1218.4
4837,13,-363.81
4838,8
4839,14,-0.1103
4840,5
4841,17,-5.9854
4842,18,298.75
4843,5
4844,5
4845,3
4846,7
4847,14,249.47
4848,6,360.93
4849,13,6.0665
4850,15,-128.56
4851,17,-324.76
4852,2,-27.698
4853,16,259.93
4854,11,252.43
4855,8,228.64
4856,8
4857,6
4858,5
4859,5
4860,5
4861,2,74.332
4862,16,-225.64
4863,5
4864,10,265.28
4865,9,665.79
4866,19,435.36
4867,11,-420.61
4868,5
4869,18,-11.14
4870,5
4871,8,473.67
4872,5
4873,5
4874,5
4875,8
4876,4
4877,10,38.797
4878,11,-88.916
4879,9,243.74
4880,3
4881,5
4882,19,219.3
4883,3
4884,5
4885,4
4886,9,-156.26
4887,2,-100.99
4888,11,-29.667
4889,6
4890,18,351.32
4891,4
4892,9
4893,10,-373.99
4894,3
4895,11,-416.14
4896,0
4897,18,-373.17
4898,8
4899,17,-315.39
4900,5
4901,16,173.15
4902,3
4903,8,463.44
4904,5
4905,5
4906,16,214.27
4907,17,-367.65
4908,6
4909,19,-62.198
4910,11,-371.51
4911,0
4912,8,624.97
4913,10,-298.0
4914,5
4915,8
4916,8
4917,10,-169.13
4918,2,-515.0
4919,8
4920,18,121.89
4921,8
4922,5
4923,11,100.46
4924,8
4925,2,136.44
4926,8,209.13
4927,8
4928,18,-46.956
4929,2
4930,9
4931,8
4932,11,90.223
4933,17,-184.96
4934,8
4935,2,61.622
4936,0
4937,8
4938,17,-233.07
4939,4
4940,8
4941,10,150.86
4942,2,-456.14
4943,15,-242.44
4944,16,362.84
4945,11,28.127
4946,5
4947,5
4948,6
4949,9,-384.46
4950,4
4951,16,180.5
4952,11,37.173
4953,18,151.35
4954,9
4955,5
4956,8,255.62
4957,5
4958,17,248.29
4959,19,112.69
4960,8
4961,5
4962,5
4963,0
4964,11,519.54
4965,19,-69.705
4966,15,-112.03
4967,18,-166.08
4968,9,186.18
4969,8
4970,5
4971,16,-345.23
4972,6
4973,8,703.21
4974,5
4975,17,244.53
4976,9,322.96
4977,5
4978,5
4979,3
4980,8,121.69
4981,5
4982,17,14.984
4983,16,38.52
4984,18,91.473
4985,6
4986,5
4987,9,504.53
4988,18,-227.37
4989,9
4990,4
4991,8
4992,3
4993,8,536.49
4994,18,-175.84
4995,9,135.61
4996,5
4997,17,48.434
4998,16,226.95
4999,15,-170.22
5000,5
5001,5
5002,5
5003,4
5004,17,-538.92
5005,15,370.41
5006,9,103.94
5007,5
5008,5
5009,8
5010,16,-63.239
5011,15,33.388
5012,9,417.56
5013,5
5014,5
5015,9,107.94
5016,5
5017,5
5018,15,32.79
5019,5
5020,9,331.94
5021,5
5022,8
5023,18,-159.36
5024,15,-239.75
5025,8
5026,9,-70.536
5027,5
5028,5
5029,17,-22.161
5030,16,-247.46
5031,9,174.32
5032,5
5033,5
5034,15,-8.3646
5035,5
5036,9,-90.687
5037,5
5038,6
5039,5
5040,4
5041,9,-210.55
5042,8,386.05
5043,5
5044,4
5045,2,91.43
5046,5
5047,11,89.647
5048,8
5049,9
5050,16,120.29
5051,15,49.563
5052,10,173.4
5053,8,843.19
5054,17,-160.03
5055,2,-371.03
5056,11,38.75
5057,9,276.04
5058,8
5059,19,-29.907
5060,5
5061,18,-8.2079
5062,5
5063,6
5064,9,21.755
5065,9
5066,19,-74.34
5067,6
5068,13,125.15
5069,18,254.53
5070,5
5071,8
5072,18,-63.926
5073,5
5074,5
5075,19,-31.556
5076,9,-222.71
5077,3
5078,13,313.51
5079,18,101.12
5080,11,366.67
5081,5
5082,1
5083,1
5084,11,309.61
5085,18,-167.4
5086,3
5087,5
5088,3
5089,13,-245.66
5090,3
5091,9,42.234
5092,5
5093,11,-87.952
5094,5
5095,18,88.035
5096,5
5097,5
5098,18,-153.3
5099,9,516.63
5100,11,309.06
5101,19,-173.67
5102,6
5103,5
5104,9
5105,8
5106,9,-81.09
5107,5
5108,11,651.42
5109,2,-1036.9
5110,0
5111,13,-163.56
5112,19,-29.232
5113,5
5114,5
5115,19,-12.802
5116,5
5117,5
5118,2
5119,2,578.81
5120,19,97.411
5121,0
5122,17,-425.7
5123,6
5124,13,272.0
5125,11,-70.634
5126,8
5127,8
5128,5
5129,13,136.68
5130,3
5131,5
5132,11,148.18
5133,0
5134,8
5135,2,59.867
5136,17,-343.62
5137,10,26.299
5138,9
5139,9,-127.89
5140,5
5141,6
5142,9,94.907
5143,10,233.32
5144,8,410.22
5145,19,-114.88
5146,4
5147,13,443.81
5148,18,-94.462
5149,9
5150,9
5151,5
5152,18,42.453
5153,8
5154,9
5155,0
5156,5
5157,17,-178.9
5158,13,4.6431
5159,8
5160,5
5161,9,-288.21
5162,5
5163,3
5164,2,321.19
5165,15,-51.431
5166,18,210.94
5167,11,199.05
5168,17,-9.6727
5169,10,-146.43
5170,9,412.56
5171,8,499.23
5172,8
5173,8
5174,5
5175,9,-86.824
5176,4
5177,19,410.11
5178,8,41.56
5179,5
5180,13,-85.471
5181,8
5182,8
5183,6
5184,10,51.75
5185,8
5186,0
5187,17,-344.59
5188,8,775.79
5189,9,528.9
5190,1
5191,1
5192,1
5193,13,201.88
5194,10,-159.67
5195,19,-171.04
5196,1
5197,5
5198,19,178.91
5199,8,451.86
5200,9,50.14
5201,0
5202,8
5203,9,94.067
5204,5
5205,0
5206,4
5207,19,112.67
5208,8,845.84
5209,10,2.2088
5210,8
5211,8
5212,0
5213,9,334.65
5214,4
5215,0
5216,17,-127.61
5217,8
5218,10,18.514
5219,5
5220,4
5221,19,-125.96
5222,10,143.24
5223,9,-44.138
5224,8,807.15
5225,4
5226,9
5227,17,-338.55
5228,1
5229,18,386.27
5230,8,881.02
5231,11,228.13
5232,8
5233,0
5234,0
5235,2
5236,13,276.39
5237,8,116.88
5238,6
5239,0
5240,9
5241,17,-278.16
5242,13,-54.953
5243,1
5244,11,558.41
5245,9,70.534
5246,5
5247,6
5248,4
5249,10,-146.19
5250,13,134.33
5251,4
5252,7
5253,11,146.9
5254,13,-202.59
5255,0
5256,4
5257,18,160.42
5258,9,354.55
5259,8,366.39
5260,13,14.601
5261,9
5262,9
5263,9
5264,8,84.965
5265,7
5266,9
5267,4
5268,13,93.937
5269,19,397.83
5270,10,-45.548
5271,11,-375.48
5272,5
5273,18,-334.17
5274,3
5275,15,-480.77
5276,3
5277,8,542.09
5278,17,-233.22
5279,3
5280,3
5281,3
5282,5
5283,11,90.477
5284,5
5285,3
5286,19,290.85
5287,15,-240.99
5288,11,-148.85
5289,5
5290,10,92.855
5291,8,35.68
5292,5
5293,17,-364.13
5294,3
5295,9,510.0
5296,18,-247.55
5297,3
5298,8
5299,3
5300,2
5301,10,-216.13
5302,3
5303,9,317.11
5304,5
5305,3
5306,10,-362.89
5307,5
5308,5
5309,9,220.83
5310,19,74.924
5311,13,194.74
5312,11,251.13
5313,16,-162.14
5314,6
5315,6,-17.13
5316,5
5317,8,1230.2
5318,2,419.5
5319,17,-383.51
5320,10,109.95
5321,1
5322,0
5323,18,137.66
5324,0
5325,10,365.12
5326,0
5327,8
5328,8
5329,4
5330,17,-49.676
5331,6,881.76
5332,18,65.241
5333,8,84.464
5334,2
5335,8
5336,3
5337,1
5338,0
5339,18,264.61
5340,8,97.413
5341,0
5342,2,-277.06
5343,4
5344,6,957.36
5345,17,44.228
5346,8
5347,3
5348,1
5349,5
5350,2,276.96
5351,8,581.28
5352,17,-76.835
5353,11,-46.927
5354,0
5355,8
5356,15,-265.3
5357,8
5358,13,333.54
5359,10,177.86
5360,18,384.69
5361,0
5362,5
5363,8
5364,5
5365,17,-360.73
5366,6
5367,16,34.094
5368,5
5369,11,30.121
5370,0
5371,10,-173.17
5372,3
5373,4
5374,10,324.35
5375,6,851.42
5376,17,133.36
5377,5
5378,3
5379,3
5380,8
5381,10,-20.263
5382,6,448.36
5383,16,-103.09
5384,2,-285.75
5385,18,-15.986
5386,8
5387,6
5388,5
5389,17,124.54
5390,15,147.88
5391,13,-401.01
5392,6
5393,18,-61.858
5394,8
5395,2,419.73
5396,11,235.05
5397,5
5398,5
5399,3
5400,2
5401,3
5402,17,-4.3996
5403,2,-590.05
5404,6
5405,15,-69.888
5406,18,137.04
5407,8,291.29
5408,6
5409,11,353.03
5410,19,199.29
5411,8
5412,7
5413,1
5414,5
5415,13,218.55
5416,19,43.065
5417,1
5418,4
5419,7
5420,19,156.73
5421,2,13.374
5422,0
5423,8,1054.0
5424,3
5425,8
5426,7
5427,2,-591.79
5428,0
5429,17,153.77
5430,15,89.681
5431,6,82.224
5432,5
5433,8,120.23
5434,3
5435,16,-154.57
5436,8
5437,8
5438,0
5439,3
5440,2,-158.27
5441,14,2.6769
5442,5,-44.958
5443,11,144.9
5444,9,108.07
5445,6,500.97
5446,17,-193.56
5447,15,-194.79
5448,10,-140.62
5449,9
5450,7
5451,18,138.45
5452,13,-164.77
5453,0
5454,12,180.13
5455,19,-170.02
5456,9
5457,9
5458,2
5459,1
5460,18,8.5948
5461,10,-439.75
5462,0
5463,13,220.17
5464,9
5465,3
5466,10,-303.79
5467,8,483.14
5468,3
5469,16,210.66
5470,8
5471,8
5472,15,-316.69
5473,5
5474,8,582.09
5475,1
5476,4
5477,19,44.229
5478,15,14.32
5479,10,372.0
5480,16,-54.048
5481,2
5482,8,872.73
5483,18,-295.57
5484,5
5485,13,126.17
5486,12,-110.63
5487,7
5488,17,-385.94
5489,2
5490,7
5491,7
5492,9
5493,2
5494,17,-205.42
5495,9
5496,18,-157.2
5497,9
5498,8,-3.0925
5499,2
5500,10,-29.894
5501,7
5502,7
5503,16,189.98
5504,8,318.32
5505,2
5506,0
5507,17,-110.29
5508,9
5509,3
5510,17,-315.16
5511,12,-464.81
5512,3
5513,18,-290.93
5514,3
5515,6,176.17
5516,2
5517,2
5518,8,672.24
5519,18,-332.62
5520,3
5521,19,-174.9
5522,7
5523,16,581.57
5524,6,821.04
5525,15,-139.48
5526,5
5527,10,-197.67
5528,12,-231.78
5529,8
5530,13,461.4
5531,2
5532,2
5533,2
5534,10,-652.25
5535,7
5536,2
5537,5
5538,18,76.033
5539,8
5540,7
5541,8,489.74
5542,13,208.54
5543,18,442.17
5544,16,52.693
5545,9,-1.4163
5546,10,-226.17
5547,2
5548,2
5549,19,39.584
5550,3
5551,8
5552,12,496.9
5553,6,613.75
5554,17,-1.3547
5555,9,567.56
5556,19,33.728
5557,3
5558,3
5559,2
5560,8
5561,17,-337.82
5562,2
5563,3
5564,2
5565,1
5566,10,-737.01
5567,2
5568,6,995.15
5569,9,577.05
5570,19,420.83
5571,18,449.67
5572,12,707.49
5573,16,455.0
5574,17,-475.69
5575,15,-31.054
5576,3
5577,3
5578,15,247.22
5579,3
5580,3
5581,3
5582,2
5583,1
5584,5
5585,2
5586,2
5587,15,-172.82
5588,16,472.06
5589,13,266.53
5590,9,-363.72
5591,4
5592,12,204.42
5593,10,381.4
5594,17,489.47
5595,19,47.177
5596,6,323.16
5597,18,-58.385
5598,5
5599,5
5600,5
5601,6,290.97
5602,6
5603,18,29.023
5604,5
5605,5
5606,0
5607,1
5608,0
5609,17,48.554
5610,18,-45.385
5611,3
5612,5
5613,3
5614,10,-83.397
5615,0
5616,5
5617,6,51.18
5618,10,-181.19
5619,8
5620,1
5621,13,39.301
5622,18,-81.994
5623,19,-236.8
5624,5
5625,9,-154.3
5626,9
5627,16,186.07
5628,0
5629,0
5630,16,-93.977
5631,2
5632,10,321.88
5633,9,784.96
5634,17,-328.84
5635,8
5636,19,172.41
5637,12,-327.19
5638,8
5639,8
5640,1
5641,2
5642,0
5643,16,285.17
5644,9,420.67
5645,17,-352.92
5646,3
5647,10,-275.0
5648,3
5649,3
5650,2
5651,9,39.22
5652,2
5653,19,238.45
5654,12,-257.01
5655,8
5656,0
5657,3
5658,6,791.1
5659,12,222.73
5660,8,1039.7
5661,10,359.13
5662,15,142.79
5663,16,217.24
5664,11,-83.611
5665,0
5666,18,-539.75
5667,2
5668,19,-50.657
5669,17,-86.404
5670,9,75.247
5671,13,55.076
5672,5
5673,5
5674,5
5675,5
5676,13,-39.663
5677,17,39.715
5678,9,198.26
5679,6
5680,5
5681,5
5682,9,-296.86
5683,9
5684,17,-390.28
5685,5
5686,5
5687,17,117.02
5688,13,349.18
5689,19,-339.8
5690,8
5691,11,365.68
5692,9,-230.94
5693,0
5694,18,-459.74
5695,0
5696,5
5697,5
5698,11,419.7
5699,18,-90.604
5700,0
5701,9,-137.01
5702,3
5703,19,366.97
5704,5
5705,5
5706,3
5707,0
5708,11,229.23
5709,13,126.75
5710,2
5711,19,-38.528
5712,5
5713,9,414.36
5714,5
5715,3
5716,13,325.14
5717,9,-75.733
5718,3
5719,8
5720,9,140.62
5721,19,195.11
5722,18,60.033
5723,3
5724,3
5725,5
5726,5
5727,3
5728,16,73.253
5729,5
5730,9,116.02
5731,6
5732,0
5733,16,32.374
5734,18,42.877
5735,11,329.36
5736,8,393.12
5737,0
5738,9,-1.3171
5739,9
5740,6
5741,10,-130.73
5742,5
5743,3
5744,15,109.56
5745,8,1119.6
5746,5
5747,6
5748,2
5749,10,-213.34
5750,0
5751,8,556.16
5752,3
5753,13,105.4
5754,0
5755,6
5756,9,371.33
5757,16,-108.64
5758,5
5759,13,167.91
5760,10,288.7
5761,2
5762,3
5763,8,40.094
5764,5
5765,17,-404.36
5766,1
5767,11,774.35
5768,19,-264.81
5769,3
5770,3
5771,0
5772,10,325.46
5773,5
5774,1
5775,5,21.567
5776,8,534.44
5777,13,116.69
5778,12,77.41
5779,15,-31.765
5780,11,484.98
5781,16,113.95
5782,19,286.55
5783,6,330.77
5784,2
5785,10,-45.189
5786,5
5787,8
5788,6
5789,10,267.18
5790,19,-304.53
5791,3
5792,9,-58.386
5793,2
5794,17,-184.44
5795,6,568.06
5796,8
5797,18,204.02
5798,2
5799,2
5800,2
5801,3
5802,17,-302.63
5803,2
5804,16,-81.749
5805,2
5806,3
5807,9,49.889
5808,17,-86.008
5809,6,312.78
5810,2
5811,3
5812,2
5813,10,274.2
5814,6,1013.6
5815,18,523.82
5816,19,-118.25
5817,17,-448.99
5818,2
5819,16,-175.67
5820,3
5821,11,-55.746
5822,2
5823,8
5824,16,151.18
5825,8
5826,11,431.1
5827,8
5828,8
5829,2
5830,3
5831,3
5832,19,54.088
5833,10,-26.861
5834,6,234.08
5835,3
5836,18,-227.83
5837,0
5838,11,-187.41
5839,4
5840,16,-301.54
5841,3
5842,17,29.146
5843,9,-1.7946
5844,2
5845,2
5846,15,-376.42
5847,3
5848,9,-146.59
5849,2
5850,2
5851,11,247.3
5852,17,-151.92
5853,2
5854,0
5855,17,-30.912
5856,9,427.48
5857,6,1116.4
5858,16,241.17
5859,3
5860,3
5861,0
5862,8
5863,2
5864,15,-52.449
5865,18,126.0
5866,6,751.65
5867,0
5868,2
5869,6
5870,18,-160.51
5871,2
5872,11,168.01
5873,0
5874,3
5875,11,198.4
5876,15,396.49
5877,12,-371.95
5878,8
5879,10,81.974
5880,9,-173.29
5881,17,24.145
5882,2
5883,7
5884,16,375.44
5885,18,57.782
5886,19,340.97
5887,6,271.34
5888,3
5889,17,-358.88
5890,0
5891,2
5892,8
5893,19,-390.37
5894,3
5895,2
5896,17,-212.39
5897,0
5898,18,187.87
5899,2
5900,3
5901,19,73.7
5902,9,455.3
5903,18,423.02
5904,0
5905,0
5906,8
5907,3
5908,17,199.86
5909,3
5910,8
5911,12,387.42
5912,10,-237.41
5913,16,-50.327
5914,3
5915,15,151.64
5916,6,276.73
5917,17,189.52
5918,18,-119.21
5919,0
5920,2
5921,3
5922,19,4.583
5923,18,-75.62
5924,2
5925,3
5926,0
5927,9,126.21
5928,18,-295.6
5929,2
5930,3
5931,19,-57.346
5932,3
5933,8
5934,18,603.91
5935,9,547.22
5936,15,78.896
5937,17,66.116
5938,6,873.21
5939,16,-234.64
5940,8
5941,19,-428.86
5942,3
5943,3
5944,16,266.09
5945,19,-7.0434
5946,3
5947,3
5948,8
5949,19,-10.258
5950,6,492.75
5951,3
5952,3
5953,0
5954,16,606.12
5955,19,-403.9
5956,3
5957,17,-38.11
5958,6,151.14
5959,3
5960,3
5961,6,514.55
5962,3
5963,3
5964,8
5965,2
5966,8
5967,17,-158.46
5968,3
5969,16,-68.331
5970,2
5971,2
5972,10,94.609
5973,18,4.9924
5974,15,35.677
5975,19,-113.93
5976,17,-26.871
5977,9,177.74
5978,7
5979,8
5980,5
5981,16,21.241
5982,6,582.06
5983,13,10.764
5984,0
5985,6
5986,1
5987,9,-166.4
5988,9
5989,17,-512.47
5990,0
5991,13,-69.261
5992,11,631.1
5993,12,-99.649
5994,0
5995,0
5996,6
5997,0
5998,13,154.15
5999,12,200.78
6000,6,856.48
6001,8
6002,0
6003,2
6004,6,1056.6
6005,3
6006,0
6007,15,-243.97
6008,17,2.7246
6009,4
6010,6,377.87
6011,16,574.76
6012,5
6013,9
6014,6
6015,13,100.72
6016,12,337.31
6017,11,371.35
6018,6,-0.80656
6019,1
6020,16,463.97
6021,17,-361.43
6022,1
6023,9,-19.449
6024,19,93.696
6025,4
6026,1
6027,19,422.66
6028,8
6029,0
6030,7
6031,9,-99.145
6032,9
6033,19,-372.05
6034,2
6035,16,471.16
6036,8
6037,8
6038,4
6039,16,433.37
6040,19,-139.69
6041,11,53.298
6042,7
6043,12,-501.23
6044,5
6045,6,651.67
6046,9,357.82
6047,3
6048,3
6049,3
6050,9,-82.74
6051,4
6052,11,-141.87
6053,7
6054,17,210.03
6055,6,786.42
6056,12,-318.12
6057,8
6058,8
6059,8
6060,1
6061,0
6062,6,330.74
6063,19,-46.194
6064,0
6065,1
6066,16,267.73
6067,13,65.809
6068,8
6069,5
6070,11,-118.75
6071,7
6072,0
6073,16,-204.63
6074,13,-172.31
6075,15,-275.24
6076,9,159.93
6077,0
6078,18,372.71
6079,6
6080,5
6081,11,84.882
6082,6,201.28
6083,6
6084,0
6085,6
6086,10,92.828
6087,6,228.92
6088,19,-49.926
6089,5
6090,8,438.7
6091,5
6092,18,283.31
6093,11,417.71
6094,6
6095,6
6096,5
6097,8,239.69
6098,17,-90.163
6099,15,186.47
6100,12,-12.232
6101,6
6102,5
6103,5
6104,0
6105,11,558.61
6106,12,254.52
6107,15,-525.8
6108,6
6109,19,85.659
6110,17,-46.961
6111,18,-4.6206
6112,6
6113,9,191.04
6114,6
6115,6
6116,0
6117,9,440.2
6118,6
6119,17,-144.13
6120,6
6121,6
6122,6
6123,8
6124,8,277.26
6125,0
6126,6,334.74
6127,5
6128,3
6129,13,54.128
6130,9,275.15
6131,11,329.32
6132,15,323.79
6133,19,283.12
6134,18,437.88
6135,12,-162.28
6136,17,-114.94
6137,6,549.54
6138,8
6139,6
6140,6,206.74
6141,1
6142,10,53.006
6143,0
6144,0
6145,10,-683.45
6146,4
6147,6,1390.7
6148,17,-371.22
6149,8,963.11
6150,0
6151,3
6152,8,642.33
6153,0
6154,0
6155,3
6156,5
6157,17,-135.99
6158,6,849.65
6159,8,564.77
6160,0
6161,6
6162,0
6163,10,4.1037
6164,6,500.84
6165,0
6166,0
6167,5
6168,6,204.13
6169,8
6170,19,-88.394
6171,0
6172,6
6173,15,-191.2
6174,19,-60.593
6175,5
6176,8,693.95
6177,3
6178,0
6179,8,602.64
6180,12,213.13
6181,8
6182,9
6183,10,-19.419
6184,12,317.96
6185,0
6186,4
6187,6
6188,15,-350.26
6189,19,-20.201
6190,5
6191,11,280.12
6192,17,-443.41
6193,9
6194,18,-61.65
6195,4
6196,8,450.46
6197,6
6198,6
6199,3
6200,12,252.94
6201,18,-102.77
6202,8
6203,10,-214.23
6204,6,154.46
6205,0
6206,5
6207,11,-37.596
6208,0
6209,6,698.28
6210,17,-479.01
6211,5
6212,8
6213,0
6214,8,557.7
6215,8
6216,4
6217,10,-12.362
6218,6,549.06
6219,18,98.639
6220,12,-28.888
6221,11,165.23
6222,5
6223,9,33.925
6224,0
6225,8
6226,15,304.11
6227,11,542.0
6228,19,-330.36
6229,2
6230,8,-217.14
6231,5
6232,9,-96.317
6233,5
6234,17,-165.73
6235,0
6236,0
6237,3
6238,6
6239,8,936.6
6240,19,84.454
6241,15,-127.39
6242,17,-172.76
6243,3
6244,5
6245,17,-219.14
6246,2
6247,11,205.99
6248,0
6249,3
6250,12,-209.36
6251,8
6252,17,113.91
6253,5
6254,0
6255,6
6256,17,-184.96
6257,11,252.38
6258,8,155.94
6259,5
6260,18,515.78
6261,19,43.669
6262,9,155.13
6263,0
6264,12,151.97
6265,15,-171.02
6266,6
6267,6
6268,2
6269,6
6270,5
6271,19,-6.1811
6272,8,43.027
6273,5
6274,3
6275,12,117.01
6276,6
6277,8,778.91
6278,5
6279,0
6280,19,492.12
6281,9,-56.457
6282,3
6283,12,239.34
6284,8,761.75
6285,0
6286,0
6287,3
6288,6
6289,11,131.05
6290,12,151.88
6291,19,43.159
6292,17,-369.0
6293,3
6294,6,1084.4
6295,15,189.1
6296,0
6297,5
6298,3
6299,9,45.256
6300,5
6301,17,-296.95
6302,5
6303,3
6304,19,169.15
6305,8,729.57
6306,0
6307,3
6308,6
6309,8,586.47
6310,15,264.2
6311,19,387.24
6312,17,-593.53
6313,1
6314,12,-390.75
6315,3
6316,18,-210.94
6317,6,669.18
6318,3
6319,3
6320,3
6321,5
6322,19,-94.269
6323,6
6324,3
6325,6,528.66
6326,5
6327,17,-97.26
6328,9,327.28
6329,3
6330,1
6331,0
6332,12,-69.69
6333,10,-103.01
6334,15,-190.2
6335,5,329.17
6336,13,84.811
6337,16,393.6
6338,17,-545.14
6339,2
6340,19,-325.75
6341,3
6342,18,435.44
6343,8,89.892
6344,3
6345,14,-100.33
6346,3
6347,11,281.71
6348,8
6349,8
6350,2
6351,3
6352,19,173.27
6353,14,-145.15
6354,18,91.792
6355,9
6356,5
6357,11,174.94
6358,8,41.24
6359,5
6360,16,123.56
6361,3
6362,17,189.47
6363,9,-97.652
6364,8
6365,8
6366,3
6367,16,-1.0072
6368,5
6369,9,-48.839
6370,3
6371,3
6372,18,7.4
6373,9
6374,6,1084.5
6375,16,386.68
6376,5
6377,8
6378,2
6379,16,362.24
6380,6,266.84
6381,6
6382,8,99.512
6383,3
6384,19,89.017
6385,3
6386,3
6387,17,-83.44
6388,1
6389,3
6390,13,-154.46
6391,9,-278.21
6392,8,1074.5
6393,14,46.407
6394,19,557.22
6395,3
6396,5
6397,8
6398,8
6399,6,533.64
6400,5,-688.55
6401,2
6402,14,319.09
6403,8
6404,8
6405,11,-199.23
6406,8
6407,3
6408,19,659.84
6409,11,-286.86
6410,9,192.46
6411,5,434.38
6412,3
6413,0
6414,8
6415,18,77.006
6416,16,-57.391
6417,8
6418,14,473.11
6419,6,18.692
6420,8,253.25
6421,3
6422,8
6423,8,260.37
6424,9,445.41
6425,17,-128.41
6426,5,293.71
6427,3
6428,5
6429,5,-98.196
6430,3
6431,3
6432,1
6433,17,315.6
6434,5,-180.85
6435,9,-124.77
6436,3
6437,3
6438,9,586.53
6439,3
6440,3
6441,8
6442,9
6443,9,606.37
6444,17,-707.26
6445,5
6446,6,66.402
6447,5,-33.216
6448,8,666.24
6449,16,367.38
6450,3
6451,14,257.18
6452,3
6453,3
6454,8
6455,8
6456,8,48.223
6457,5,223.96
6458,16,555.66
6459,3
6460,8
6461,5
6462,16,169.1
6463,14,47.294
6464,5,379.02
6465,3
6466,3
6467,5,-156.14
6468,3
6469,3
6470,3
6471,7
6472,5
6473,5,194.91
6474,9,60.591
6475,11,51.764
6476,17,-434.98
6477,5
6478,6,620.44
6479,13,112.05
6480,14,298.5
6481,16,640.21
6482,8
6483,5
6484,0
6485,19,-26.796
6486,9
6487,5
6488,8,175.6
6489,5
6490,14,-182.69
6491,5
6492,15,-220.64
6493,0
6494,3
6495,19,366.01
6496,15,-394.67
6497,2
6498,14,358.62
6499,13,10.693
6500,16,69.805
6501,2
6502,17,-113.6
6503,6,44.487
6504,8
6505,8,501.95
6506,3
6507,18,231.99
6508,3
6509,3
6510,8
6511,18,-168.55
6512,3
6513,16,735.06
6514,8,904.08
6515,17,220.4
6516,6,-2.7384
6517,3
6518,3
6519,3
6520,3
6521,3
6522,16,160.74
6523,8
6524,3
6525,5
6526,13,189.81
6527,14,0.15957
6528,11,163.83
6529,5
6530,4
6531,18,357.94
6532,16,366.06
6533,19,397.41
6534,11,504.15
6535,17,237.68
6536,15,336.14
6537,6,517.57
6538,8,418.43
6539,8
6540,8
6541,8,216.66
6542,3
6543,8
6544,3
6545,3
6546,3
6547,5
6548,8
6549,2
6550,15,-60.518
6551,14,82.742
6552,18,-25.891
6553,4
6554,5
6555,19,277.46
6556,18,388.42
6557,6,1039.5
6558,17,65.621
6559,8
6560,8
6561,3
6562,3
6563,5
6564,14,-75.361
6565,3
6566,3
6567,8,211.31
6568,13,82.381
6569,17,-106.66
6570,6,677.25
6571,11,155.93
6572,18,323.78
6573,5
6574,3
6575,3
6576,3
6577,0
6578,6,32.821
6579,3
6580,14,457.57
6581,17,184.27
6582,19,-146.46
6583,11,37.081
6584,3
6585,9,149.98
6586,5
6587,5
6588,16,-80.607
6589,5
6590,15,-310.92
6591,9,14.03
6592,5
6593,5
6594,5
6595,3
6596,3
6597,9,90.79
6598,11,-136.82
6599,13,203.63
6600,6,411.76
6601,5
6602,17,-115.96
6603,3
6604,0
6605,5
6606,19,114.22
6607,18,-120.66
6608,5
6609,6,369.88
6610,8
6611,15,228.5
6612,17,-100.41
6613,16,352.87
6614,3
6615,3
6616,13,182.18
6617,0
6618,14,224.6
6619,3
6620,3
6621,3
6622,13,344.56
6623,3
6624,5
6625,14,111.45
6626,18,-97.845
6627,19,190.28
6628,9
6629,5
6630,11,234.14
6631,5
6632,8
6633,11,-93.887
6634,0
6635,15,218.02
6636,17,-299.19
6637,6
6638,8
6639,3
6640,11,-159.37
6641,10,-42.824
6642,8,83.366
6643,2
6644,17,-365.71
6645,13,105.91
6646,3
6647,5
6648,13,-339.48
6649,0
6650,6,1428.3
6651,15,-230.2
6652,3
6653,9,449.85
6654,18,157.95
6655,5,206.71
6656,3
6657,19,323.42
6658,16,308.25
6659,3
6660,3
6661,5
6662,19,129.02
6663,14,-205.03
6664,3
6665,16,670.46
6666,5,113.78
6667,3
6668,3
6669,3
6670,5
6671,5
6672,2
6673,14,160.57
6674,13,-42.832
6675,0
6676,5,247.07
6677,5
6678,5
6679,18,231.49
6680,19,90.483
6681,15,522.18
6682,0
6683,5
6684,8
6685,3
6686,6,1056.3
6687,19,232.95
6688,8,-173.4
6689,15,-239.4
6690,9,82.043
6691,17,-741.02
6692,3
6693,5,188.18
6694,2
6695,0
6696,0
6697,14,497.7
6698,17,-51.172
6699,5,410.79
6700,10,431.82
6701,18,-74.422
6702,2
6703,3
6704,2
6705,5
6706,2
6707,0
6708,13,-349.8
6709,9,-91.826
6710,16,-46.036
6711,8
6712,14,271.02
6713,15,-451.09
6714,5
6715,10,184.15
6716,5,-404.62
6717,3
6718,3
6719,8
6720,2
6721,16,314.82
6722,15,68.376
6723,10,466.86
6724,2
6725,0
6726,8
6727,3
6728,10,407.18
6729,18,-183.77
6730,14,373.2
6731,5,14.943
6732,16,-29.506
6733,9,-79.371
6734,9
6735,3
6736,9,-202.69
6737,15,384.59
6738,17,-76.023
6739,3
6740,3
6741,3
6742,17,115.29
6743,15,219.84
6744,3
6745,3
6746,15,-290.19
6747,2
6748,3
6749,17,-150.34
6750,9,199.91
6751,15,356.28
6752,16,59.657
6753,3
6754,3
6755,8
6756,16,24.991
6757,3
6758,15,-213.17
6759,3
6760,4
6761,9,-207.12
6762,3
6763,15,-448.22
6764,3
6765,16,180.82
6766,3
6767,3
6768,5,189.14
6769,0
6770,3
6771,5,440.48
6772,14,582.45
6773,9,839.63
6774,17,-503.43
6775,15,-394.1
6776,16,329.78
6777,2
6778,3
6779,16,191.93
6780,3
6781,3
6782,16,175.98
6783,15,101.49
6784,3
6785,3
6786,15,657.18
6787,3
6788,3
6789,7
6790,2
6791,16,-68.581
6792,14,136.06
6793,5
6794,3
6795,9,174.12
6796,15,124.09
6797,17,-315.24
6798,14,-58.381
6799,3
6800,3
6801,3
6802,3
6803,15,-257.68
6804,14,161.58
6805,3
6806,3
6807,17,-141.33
6808,14,-362.17
6809,1
6810,4
6811,3
6812,9,-52.56
6813,3
6814,14,200.97
6815,9
6816,0
6817,8,320.07
6818,5,-79.851
6819,15,-153.07
6820,2
6821,7
6822,17,8.7322
6823,5
6824,3
6825,16,97.483
6826,17,-171.01
6827,5
6828,5
6829,9,496.23
6830,15,41.157
6831,13,103.72
6832,14,-20.868
6833,5,-513.63
6834,8
6835,17,-427.92
6836,3
6837,18,-386.39
6838,3
6839,10,-401.81
6840,3
6841,3
6842,5,19.713
6843,10,-183.96
6844,3
6845,8
6846,3
6847,18,346.89
6848,10,299.5
6849,5
6850,4
6851,3
6852,14,415.15
6853,18,-364.45
6854,3
6855,3
6856,3
6857,7
6858,8,207.04
6859,15,-9.0474
6860,9,302.31
6861,16,342.53
6862,2
6863,2
6864,3
6865,7
6866,5,-600.05
6867,15,-5.4427
6868,2
6869,3
6870,14,501.33
6871,9,467.06
6872,18,-192.9
6873,0
6874,17,-635.44
6875,1
6876,16,363.03
6877,13,34.603
6878,10,-292.73
6879,3
6880,3
6881,3
6882,19,-80.765
6883,2
6884,3
6885,7
6886,0
